ISO-10303-21;
HEADER;
FILE_DESCRIPTION(('ViewDefinition [DesignTransferView]'),'2;1');
FILE_NAME('kin-house.ifc','2026-08-02T00:06:27+03:00',('Codex BIM House Architect'),('KIN House concept project'),'IfcOpenShell 0.8.5-post1','IfcOpenShell 0.8.5-post1','Nobody');
FILE_SCHEMA(('IFC4'));
ENDSEC;
DATA;
#1=IFCPROJECT('2NRMJ9jBz1TOkgRrSfitft',$,'KIN House \X2\2014\X0\ Mountain Courtyard Residence',$,$,$,$,(#10),#5);
#2=IFCSIUNIT(*,.LENGTHUNIT.,.MILLI.,.METRE.);
#3=IFCSIUNIT(*,.AREAUNIT.,$,.SQUARE_METRE.);
#4=IFCSIUNIT(*,.VOLUMEUNIT.,$,.CUBIC_METRE.);
#5=IFCUNITASSIGNMENT((#3,#4,#2));
#6=IFCCARTESIANPOINT((0.,0.,0.));
#7=IFCDIRECTION((0.,0.,1.));
#8=IFCDIRECTION((1.,0.,0.));
#9=IFCAXIS2PLACEMENT3D(#6,#7,#8);
#10=IFCGEOMETRICREPRESENTATIONCONTEXT($,'Model',3,1.0000000000000001E-05,#9,$);
#11=IFCGEOMETRICREPRESENTATIONSUBCONTEXT('Body','Model',*,*,*,*,#10,$,.MODEL_VIEW.,$);
#12=IFCSITE('3CdgYg_Fr9IvP7FdSLbRK0',$,'\X2\04230441043B043E0432043D044B0439\X0\ \X2\04430447043004410442043E043A\X0\ \X2\2014\X0\ \X2\04420440043504310443043504420441044F\X0\ \X2\043F044004380432044F0437043A0430\X0\',$,$,$,$,$,$,$,$,$,$,$);
#13=IFCBUILDING('3RrWR10GP6SPpisbVVx_Hp',$,'KIN House',$,$,$,$,$,$,$,$,$);
#14=IFCBUILDINGSTOREY('3f$BoOXMb0XAmZj5pe1GBK',$,'01 \X2\041F043504400432044B0439\X0\ \X2\044D044204300436\X0\',$,$,$,$,$,$,0.);
#15=IFCBUILDINGSTOREY('14SieTqr98zwul$cey_eOU',$,'02 \X2\04120442043E0440043E0439\X0\ \X2\044D044204300436\X0\',$,$,$,$,$,$,3.25);
#16=IFCBUILDINGSTOREY('3ngZNWXzX1s9M7Nvd$CmwH',$,'03 \X2\041A0440043E0432043B044F\X0\',$,$,$,$,$,$,6.4500000000000002);
#17=IFCRELAGGREGATES('0YO4sgI4j4LOP2ynI2XYA3',$,$,$,#1,(#12));
#18=IFCRELAGGREGATES('0IBgNA5Bf5AvsnRzlhU8N1',$,$,$,#12,(#13));
#19=IFCRELAGGREGATES('18HKXBQz12_PJAvKLexLb4',$,$,$,#13,(#16,#14,#15));
#20=IFCPROPERTYSET('1prKVq3djE0RLv7NibtyRz',$,'Pset_KIN_ProjectStatus',$,(#22,#23,#24,#25,#26,#27,#28,#29));
#21=IFCRELDEFINESBYPROPERTIES('1qVFaytfrElPGcO2gMeE6V',$,$,$,(#1),#20);
#22=IFCPROPERTYSINGLEVALUE('Stage',$,IFCLABEL('Concept BIM / LOD 200'),$);
#23=IFCPROPERTYSINGLEVALUE('GrossFloorArea',$,IFCREAL(258.),$);
#24=IFCPROPERTYSINGLEVALUE('NetFloorArea',$,IFCREAL(215.),$);
#25=IFCPROPERTYSINGLEVALUE('FootprintWidth',$,IFCREAL(14.800000000000001),$);
#26=IFCPROPERTYSINGLEVALUE('FootprintDepth',$,IFCREAL(10.800000000000001),$);
#27=IFCPROPERTYSINGLEVALUE('ConstructionReady',$,IFCBOOLEAN(.F.),$);
#28=IFCPROPERTYSINGLEVALUE('ProfessionalReviewRequired',$,IFCBOOLEAN(.T.),$);
#29=IFCPROPERTYSINGLEVALUE('OpenIssues',$,IFCLABEL('Site survey; geotechnical report; climate loads; local codes; structural and MEP calculations'),$);
#30=IFCMATERIAL('Architectural concrete \X2\2014\X0\ light',$,'Concrete');
#31=IFCMATERIAL('Charred timber cladding \X2\2014\X0\ black',$,'Wood');
#32=IFCMATERIAL('Internal partition \X2\2014\X0\ timber frame',$,'Gypsum');
#33=IFCMATERIAL('Insulated concrete / timber floor assembly',$,'Composite');
#34=IFCMATERIAL('Standing seam metal roof \X2\2014\X0\ charcoal',$,'Metal');
#35=IFCMATERIAL('Triple insulated glazing',$,'Glass');
#36=IFCMATERIAL('Timber door',$,'Wood');
#37=IFCSURFACESTYLE('KIN Concrete Style',.BOTH.,(#38));
#38=IFCSURFACESTYLERENDERING(#39,0.,#40,$,$,$,IFCNORMALISEDRATIOMEASURE(0.),$,.NOTDEFINED.);
#39=IFCCOLOURRGB($,0.71999999999999997,0.72999999999999998,0.69999999999999996);
#40=IFCCOLOURRGB($,0.71999999999999997,0.72999999999999998,0.69999999999999996);
#41=IFCSTYLEDITEM($,(#37),'KIN Concrete Style');
#42=IFCSTYLEDREPRESENTATION(#11,'Body',$,(#41));
#43=IFCMATERIALDEFINITIONREPRESENTATION($,$,(#42),#30);
#44=IFCSURFACESTYLE('KIN Timber Style',.BOTH.,(#45));
#45=IFCSURFACESTYLERENDERING(#46,0.,#47,$,$,$,IFCNORMALISEDRATIOMEASURE(0.),$,.NOTDEFINED.);
#46=IFCCOLOURRGB($,0.035000000000000003,0.044999999999999998,0.042999999999999997);
#47=IFCCOLOURRGB($,0.035000000000000003,0.044999999999999998,0.042999999999999997);
#48=IFCSTYLEDITEM($,(#44),'KIN Timber Style');
#49=IFCSTYLEDREPRESENTATION(#11,'Body',$,(#48));
#50=IFCMATERIALDEFINITIONREPRESENTATION($,$,(#49),#31);
#51=IFCSURFACESTYLE('KIN Partition Style',.BOTH.,(#52));
#52=IFCSURFACESTYLERENDERING(#53,0.,#54,$,$,$,IFCNORMALISEDRATIOMEASURE(0.),$,.NOTDEFINED.);
#53=IFCCOLOURRGB($,0.81999999999999995,0.81999999999999995,0.78000000000000003);
#54=IFCCOLOURRGB($,0.81999999999999995,0.81999999999999995,0.78000000000000003);
#55=IFCSTYLEDITEM($,(#51),'KIN Partition Style');
#56=IFCSTYLEDREPRESENTATION(#11,'Body',$,(#55));
#57=IFCMATERIALDEFINITIONREPRESENTATION($,$,(#56),#32);
#58=IFCSURFACESTYLE('KIN Slab Style',.BOTH.,(#59));
#59=IFCSURFACESTYLERENDERING(#60,0.,#61,$,$,$,IFCNORMALISEDRATIOMEASURE(0.),$,.NOTDEFINED.);
#60=IFCCOLOURRGB($,0.47999999999999998,0.5,0.47999999999999998);
#61=IFCCOLOURRGB($,0.47999999999999998,0.5,0.47999999999999998);
#62=IFCSTYLEDITEM($,(#58),'KIN Slab Style');
#63=IFCSTYLEDREPRESENTATION(#11,'Body',$,(#62));
#64=IFCMATERIALDEFINITIONREPRESENTATION($,$,(#63),#33);
#65=IFCSURFACESTYLE('KIN Roof Style',.BOTH.,(#66));
#66=IFCSURFACESTYLERENDERING(#67,0.,#68,$,$,$,IFCNORMALISEDRATIOMEASURE(0.47999999999999998),$,.NOTDEFINED.);
#67=IFCCOLOURRGB($,0.074999999999999997,0.089999999999999997,0.098000000000000004);
#68=IFCCOLOURRGB($,0.074999999999999997,0.089999999999999997,0.098000000000000004);
#69=IFCSTYLEDITEM($,(#65),'KIN Roof Style');
#70=IFCSTYLEDREPRESENTATION(#11,'Body',$,(#69));
#71=IFCMATERIALDEFINITIONREPRESENTATION($,$,(#70),#34);
#72=IFCSURFACESTYLE('KIN Glass Style',.BOTH.,(#73));
#73=IFCSURFACESTYLERENDERING(#74,0.41999999999999998,#75,$,$,$,IFCNORMALISEDRATIOMEASURE(0.),$,.NOTDEFINED.);
#74=IFCCOLOURRGB($,0.17999999999999999,0.34999999999999998,0.37);
#75=IFCCOLOURRGB($,0.17999999999999999,0.34999999999999998,0.37);
#76=IFCSTYLEDITEM($,(#72),'KIN Glass Style');
#77=IFCSTYLEDREPRESENTATION(#11,'Body',$,(#76));
#78=IFCMATERIALDEFINITIONREPRESENTATION($,$,(#77),#35);
#79=IFCSURFACESTYLE('KIN Door Style',.BOTH.,(#80));
#80=IFCSURFACESTYLERENDERING(#81,0.,#82,$,$,$,IFCNORMALISEDRATIOMEASURE(0.),$,.NOTDEFINED.);
#81=IFCCOLOURRGB($,0.52000000000000002,0.25,0.11);
#82=IFCCOLOURRGB($,0.52000000000000002,0.25,0.11);
#83=IFCSTYLEDITEM($,(#79),'KIN Door Style');
#84=IFCSTYLEDREPRESENTATION(#11,'Body',$,(#83));
#85=IFCMATERIALDEFINITIONREPRESENTATION($,$,(#84),#36);
#86=IFCSLAB('2ZXF78D6L6FvfSc_E3EKdt',$,'Ground floor insulated slab',$,$,#104,#93,$,.FLOOR.);
#87=IFCCARTESIANPOINTLIST2D(((0.,0.),(14800.,0.),(14800.,10800.),(0.,10800.)));
#88=IFCINDEXEDPOLYCURVE(#87,$,$);
#89=IFCDIRECTION((0.,0.,1.));
#90=IFCARBITRARYCLOSEDPROFILEDEF(.AREA.,$,#88);
#91=IFCEXTRUDEDAREASOLID(#90,$,#89,220.);
#92=IFCSHAPEREPRESENTATION(#11,'Body','SweptSolid',(#91));
#93=IFCPRODUCTDEFINITIONSHAPE($,$,(#92));
#99=IFCRELCONTAINEDINSPATIALSTRUCTURE('1gtQmUs$jCKg62$MVA9ZI0',$,$,$,(#2142,#86,#143,#2091,#1937,#2040,#605,#649,#671,#321,#517,#365,#387,#431,#277,#299,#453,#561,#583,#693,#715,#539,#409,#255,#125,#627,#343,#1989,#494,#166,#210,#232,#1834,#188),#14);
#100=IFCCARTESIANPOINT((0.,0.,-220.));
#101=IFCDIRECTION((0.,0.,1.));
#102=IFCDIRECTION((1.,0.,0.));
#103=IFCAXIS2PLACEMENT3D(#100,#101,#102);
#104=IFCLOCALPLACEMENT($,#103);
#105=IFCRELASSOCIATESMATERIAL('0LoJJIL5fBfxXe2LCAgIOv',$,$,$,(#2272,#475,#125,#106,#86),#33);
#106=IFCSLAB('1oNoGOrIzFWAtMlzvruHyR',$,'Upper floor plate',$,$,#124,#113,$,.FLOOR.);
#107=IFCCARTESIANPOINTLIST2D(((0.,0.),(10050.,0.),(10050.,4000.),(14800.,4000.),(14800.,10800.),(0.,10800.)));
#108=IFCINDEXEDPOLYCURVE(#107,$,$);
#109=IFCDIRECTION((0.,0.,1.));
#110=IFCARBITRARYCLOSEDPROFILEDEF(.AREA.,$,#108);
#111=IFCEXTRUDEDAREASOLID(#110,$,#109,200.);
#112=IFCSHAPEREPRESENTATION(#11,'Body','SweptSolid',(#111));
#113=IFCPRODUCTDEFINITIONSHAPE($,$,(#112));
#119=IFCRELCONTAINEDINSPATIALSTRUCTURE('2Bf5d6wC12pe2Ne9b10tS9',$,$,$,(#781,#1637,#847,#869,#1617,#106,#2244,#1587,#1567,#1687,#1886,#1667,#891,#913,#737,#759,#803,#825,#2193),#15);
#120=IFCCARTESIANPOINT((0.,0.,3049.9999999999995));
#121=IFCDIRECTION((0.,0.,1.));
#122=IFCDIRECTION((1.,0.,0.));
#123=IFCAXIS2PLACEMENT3D(#120,#121,#122);
#124=IFCLOCALPLACEMENT($,#123);
#125=IFCSLAB('0T5C$wNFnAmgJ_Y3_KguVU',$,'South terrace',$,$,#142,#132,$,.FLOOR.);
#126=IFCCARTESIANPOINTLIST2D(((0.,0.),(15699.999999999998,0.),(15699.999999999998,2000.),(0.,2000.)));
#127=IFCINDEXEDPOLYCURVE(#126,$,$);
#128=IFCDIRECTION((0.,0.,1.));
#129=IFCARBITRARYCLOSEDPROFILEDEF(.AREA.,$,#127);
#130=IFCEXTRUDEDAREASOLID(#129,$,#128,100.);
#131=IFCSHAPEREPRESENTATION(#11,'Body','SweptSolid',(#130));
#132=IFCPRODUCTDEFINITIONSHAPE($,$,(#131));
#138=IFCCARTESIANPOINT((-450.,-2000.,-100.));
#139=IFCDIRECTION((0.,0.,1.));
#140=IFCDIRECTION((1.,0.,0.));
#141=IFCAXIS2PLACEMENT3D(#138,#139,#140);
#142=IFCLOCALPLACEMENT($,#141);
#143=IFCWALL('2vZhY5zv550R5HdodUvYgS',$,'Left Concrete Gable \X2\2014\X0\ south',$,$,#164,#154,$,$);
#144=IFCCARTESIANPOINTLIST2D(((0.,0.),(0.,280.),(5150.,280.),(5150.,0.),(0.,0.)));
#145=IFCINDEXEDPOLYCURVE(#144,$,.F.);
#146=IFCDIRECTION((0.,0.,1.));
#147=IFCARBITRARYCLOSEDPROFILEDEF(.AREA.,$,#145);
#148=IFCCARTESIANPOINT((0.,0.,0.));
#149=IFCDIRECTION((0.,0.,1.));
#150=IFCDIRECTION((1.,0.,0.));
#151=IFCAXIS2PLACEMENT3D(#148,#149,#150);
#152=IFCEXTRUDEDAREASOLID(#147,#151,#146,6450.);
#153=IFCSHAPEREPRESENTATION(#11,'Body','SweptSolid',(#152));
#154=IFCPRODUCTDEFINITIONSHAPE($,$,(#153));
#160=IFCCARTESIANPOINT((0.,0.,0.));
#161=IFCDIRECTION((0.,0.,1.));
#162=IFCDIRECTION((1.,0.,0.));
#163=IFCAXIS2PLACEMENT3D(#160,#161,#162);
#164=IFCLOCALPLACEMENT($,#163);
#165=IFCRELASSOCIATESMATERIAL('0CilIcgfr86uSyE62KoDbG',$,$,$,(#409,#1567,#166,#188,#210,#431,#453,#143,#1587),#30);
#166=IFCWALL('37DyOwZNj2I8biWi_6UJ1t',$,'Left Concrete Gable \X2\2014\X0\ north',$,$,#187,#177,$,$);
#167=IFCCARTESIANPOINTLIST2D(((0.,0.),(0.,280.),(5150.,280.),(5150.,0.),(0.,0.)));
#168=IFCINDEXEDPOLYCURVE(#167,$,.F.);
#169=IFCDIRECTION((0.,0.,1.));
#170=IFCARBITRARYCLOSEDPROFILEDEF(.AREA.,$,#168);
#171=IFCCARTESIANPOINT((0.,0.,0.));
#172=IFCDIRECTION((0.,0.,1.));
#173=IFCDIRECTION((1.,0.,0.));
#174=IFCAXIS2PLACEMENT3D(#171,#172,#173);
#175=IFCEXTRUDEDAREASOLID(#170,#174,#169,6450.);
#176=IFCSHAPEREPRESENTATION(#11,'Body','SweptSolid',(#175));
#177=IFCPRODUCTDEFINITIONSHAPE($,$,(#176));
#183=IFCCARTESIANPOINT((5150.,10199.999999999998,0.));
#184=IFCDIRECTION((0.,0.,1.));
#185=IFCDIRECTION((-1.,1.2246467991473532E-16,0.));
#186=IFCAXIS2PLACEMENT3D(#183,#184,#185);
#187=IFCLOCALPLACEMENT($,#186);
#188=IFCWALL('2m$0snHmr6tRjZAvObYMQl',$,'Left Concrete Gable \X2\2014\X0\ west',$,$,#209,#199,$,$);
#189=IFCCARTESIANPOINTLIST2D(((0.,0.),(0.,280.),(10199.999999999998,280.),(10199.999999999998,0.),(0.,0.)));
#190=IFCINDEXEDPOLYCURVE(#189,$,.F.);
#191=IFCDIRECTION((0.,0.,1.));
#192=IFCARBITRARYCLOSEDPROFILEDEF(.AREA.,$,#190);
#193=IFCCARTESIANPOINT((0.,0.,0.));
#194=IFCDIRECTION((0.,0.,1.));
#195=IFCDIRECTION((1.,0.,0.));
#196=IFCAXIS2PLACEMENT3D(#193,#194,#195);
#197=IFCEXTRUDEDAREASOLID(#192,#196,#191,6450.);
#198=IFCSHAPEREPRESENTATION(#11,'Body','SweptSolid',(#197));
#199=IFCPRODUCTDEFINITIONSHAPE($,$,(#198));
#205=IFCCARTESIANPOINT((0.,10199.999999999998,0.));
#206=IFCDIRECTION((0.,0.,1.));
#207=IFCDIRECTION((6.123233995736766E-17,-1.,0.));
#208=IFCAXIS2PLACEMENT3D(#205,#206,#207);
#209=IFCLOCALPLACEMENT($,#208);
#210=IFCWALL('3dWMu7MqL9YxvWf7kvmB0f',$,'Left Concrete Gable \X2\2014\X0\ east',$,$,#231,#221,$,$);
#211=IFCCARTESIANPOINTLIST2D(((0.,0.),(0.,280.),(10199.999999999998,280.),(10199.999999999998,0.),(0.,0.)));
#212=IFCINDEXEDPOLYCURVE(#211,$,.F.);
#213=IFCDIRECTION((0.,0.,1.));
#214=IFCARBITRARYCLOSEDPROFILEDEF(.AREA.,$,#212);
#215=IFCCARTESIANPOINT((0.,0.,0.));
#216=IFCDIRECTION((0.,0.,1.));
#217=IFCDIRECTION((1.,0.,0.));
#218=IFCAXIS2PLACEMENT3D(#215,#216,#217);
#219=IFCEXTRUDEDAREASOLID(#214,#218,#213,6450.);
#220=IFCSHAPEREPRESENTATION(#11,'Body','SweptSolid',(#219));
#221=IFCPRODUCTDEFINITIONSHAPE($,$,(#220));
#227=IFCCARTESIANPOINT((5150.,0.,0.));
#228=IFCDIRECTION((0.,0.,1.));
#229=IFCDIRECTION((6.123233995736766E-17,1.,0.));
#230=IFCAXIS2PLACEMENT3D(#227,#228,#229);
#231=IFCLOCALPLACEMENT($,#230);
#232=IFCWALL('06kyocw7z1ixl7qJgUey6f',$,'Central Charred Timber Gable \X2\2014\X0\ south',$,$,#253,#243,$,$);
#233=IFCCARTESIANPOINTLIST2D(((0.,0.),(0.,280.),(5050.,280.),(5050.,0.),(0.,0.)));
#234=IFCINDEXEDPOLYCURVE(#233,$,.F.);
#235=IFCDIRECTION((0.,0.,1.));
#236=IFCARBITRARYCLOSEDPROFILEDEF(.AREA.,$,#234);
#237=IFCCARTESIANPOINT((0.,0.,0.));
#238=IFCDIRECTION((0.,0.,1.));
#239=IFCDIRECTION((1.,0.,0.));
#240=IFCAXIS2PLACEMENT3D(#237,#238,#239);
#241=IFCEXTRUDEDAREASOLID(#236,#240,#235,6700.);
#242=IFCSHAPEREPRESENTATION(#11,'Body','SweptSolid',(#241));
#243=IFCPRODUCTDEFINITIONSHAPE($,$,(#242));
#249=IFCCARTESIANPOINT((5000.,0.,0.));
#250=IFCDIRECTION((0.,0.,1.));
#251=IFCDIRECTION((1.,0.,0.));
#252=IFCAXIS2PLACEMENT3D(#249,#250,#251);
#253=IFCLOCALPLACEMENT($,#252);
#254=IFCRELASSOCIATESMATERIAL('0BT1ZdtvbCVBDyfFC8OHVa',$,$,$,(#1637,#255,#343,#1617,#1687,#1667,#321,#232,#365,#387,#277,#299),#31);
#255=IFCWALL('0Hm49oDSjBBOQcno014Vs6',$,'Central Charred Timber Gable \X2\2014\X0\ north',$,$,#276,#266,$,$);
#256=IFCCARTESIANPOINTLIST2D(((0.,0.),(0.,280.),(5050.,280.),(5050.,0.),(0.,0.)));
#257=IFCINDEXEDPOLYCURVE(#256,$,.F.);
#258=IFCDIRECTION((0.,0.,1.));
#259=IFCARBITRARYCLOSEDPROFILEDEF(.AREA.,$,#257);
#260=IFCCARTESIANPOINT((0.,0.,0.));
#261=IFCDIRECTION((0.,0.,1.));
#262=IFCDIRECTION((1.,0.,0.));
#263=IFCAXIS2PLACEMENT3D(#260,#261,#262);
#264=IFCEXTRUDEDAREASOLID(#259,#263,#258,6700.);
#265=IFCSHAPEREPRESENTATION(#11,'Body','SweptSolid',(#264));
#266=IFCPRODUCTDEFINITIONSHAPE($,$,(#265));
#272=IFCCARTESIANPOINT((10050.,10800.,0.));
#273=IFCDIRECTION((0.,0.,1.));
#274=IFCDIRECTION((-1.,1.2246467991473532E-16,0.));
#275=IFCAXIS2PLACEMENT3D(#272,#273,#274);
#276=IFCLOCALPLACEMENT($,#275);
#277=IFCWALL('2JWg7imlHEa94TUIMeOvjn',$,'Central Charred Timber Gable \X2\2014\X0\ west',$,$,#298,#288,$,$);
#278=IFCCARTESIANPOINTLIST2D(((0.,0.),(0.,280.),(10800.,280.),(10800.,0.),(0.,0.)));
#279=IFCINDEXEDPOLYCURVE(#278,$,.F.);
#280=IFCDIRECTION((0.,0.,1.));
#281=IFCARBITRARYCLOSEDPROFILEDEF(.AREA.,$,#279);
#282=IFCCARTESIANPOINT((0.,0.,0.));
#283=IFCDIRECTION((0.,0.,1.));
#284=IFCDIRECTION((1.,0.,0.));
#285=IFCAXIS2PLACEMENT3D(#282,#283,#284);
#286=IFCEXTRUDEDAREASOLID(#281,#285,#280,6700.);
#287=IFCSHAPEREPRESENTATION(#11,'Body','SweptSolid',(#286));
#288=IFCPRODUCTDEFINITIONSHAPE($,$,(#287));
#294=IFCCARTESIANPOINT((5000.,10800.,0.));
#295=IFCDIRECTION((0.,0.,1.));
#296=IFCDIRECTION((6.123233995736766E-17,-1.,0.));
#297=IFCAXIS2PLACEMENT3D(#294,#295,#296);
#298=IFCLOCALPLACEMENT($,#297);
#299=IFCWALL('3uwV_1zoLD2eRe2qp6CHyL',$,'Central Charred Timber Gable \X2\2014\X0\ east',$,$,#320,#310,$,$);
#300=IFCCARTESIANPOINTLIST2D(((0.,0.),(0.,280.),(10800.,280.),(10800.,0.),(0.,0.)));
#301=IFCINDEXEDPOLYCURVE(#300,$,.F.);
#302=IFCDIRECTION((0.,0.,1.));
#303=IFCARBITRARYCLOSEDPROFILEDEF(.AREA.,$,#301);
#304=IFCCARTESIANPOINT((0.,0.,0.));
#305=IFCDIRECTION((0.,0.,1.));
#306=IFCDIRECTION((1.,0.,0.));
#307=IFCAXIS2PLACEMENT3D(#304,#305,#306);
#308=IFCEXTRUDEDAREASOLID(#303,#307,#302,6700.);
#309=IFCSHAPEREPRESENTATION(#11,'Body','SweptSolid',(#308));
#310=IFCPRODUCTDEFINITIONSHAPE($,$,(#309));
#316=IFCCARTESIANPOINT((10050.,0.,0.));
#317=IFCDIRECTION((0.,0.,1.));
#318=IFCDIRECTION((6.123233995736766E-17,1.,0.));
#319=IFCAXIS2PLACEMENT3D(#316,#317,#318);
#320=IFCLOCALPLACEMENT($,#319);
#321=IFCWALL('1mlq9BRzz8EuvAi2LdjuVR',$,'Right Rear Timber Gable \X2\2014\X0\ south',$,$,#342,#332,$,$);
#322=IFCCARTESIANPOINTLIST2D(((0.,0.),(0.,280.),(4800.,280.),(4800.,0.),(0.,0.)));
#323=IFCINDEXEDPOLYCURVE(#322,$,.F.);
#324=IFCDIRECTION((0.,0.,1.));
#325=IFCARBITRARYCLOSEDPROFILEDEF(.AREA.,$,#323);
#326=IFCCARTESIANPOINT((0.,0.,0.));
#327=IFCDIRECTION((0.,0.,1.));
#328=IFCDIRECTION((1.,0.,0.));
#329=IFCAXIS2PLACEMENT3D(#326,#327,#328);
#330=IFCEXTRUDEDAREASOLID(#325,#329,#324,6150.);
#331=IFCSHAPEREPRESENTATION(#11,'Body','SweptSolid',(#330));
#332=IFCPRODUCTDEFINITIONSHAPE($,$,(#331));
#338=IFCCARTESIANPOINT((10000.,4000.,0.));
#339=IFCDIRECTION((0.,0.,1.));
#340=IFCDIRECTION((1.,0.,0.));
#341=IFCAXIS2PLACEMENT3D(#338,#339,#340);
#342=IFCLOCALPLACEMENT($,#341);
#343=IFCWALL('3J83_qClDCXhlPb6q21BvD',$,'Right Rear Timber Gable \X2\2014\X0\ north',$,$,#364,#354,$,$);
#344=IFCCARTESIANPOINTLIST2D(((0.,0.),(0.,280.),(4800.,280.),(4800.,0.),(0.,0.)));
#345=IFCINDEXEDPOLYCURVE(#344,$,.F.);
#346=IFCDIRECTION((0.,0.,1.));
#347=IFCARBITRARYCLOSEDPROFILEDEF(.AREA.,$,#345);
#348=IFCCARTESIANPOINT((0.,0.,0.));
#349=IFCDIRECTION((0.,0.,1.));
#350=IFCDIRECTION((1.,0.,0.));
#351=IFCAXIS2PLACEMENT3D(#348,#349,#350);
#352=IFCEXTRUDEDAREASOLID(#347,#351,#346,6150.);
#353=IFCSHAPEREPRESENTATION(#11,'Body','SweptSolid',(#352));
#354=IFCPRODUCTDEFINITIONSHAPE($,$,(#353));
#360=IFCCARTESIANPOINT((14800.,10400.,0.));
#361=IFCDIRECTION((0.,0.,1.));
#362=IFCDIRECTION((-1.,1.2246467991473532E-16,0.));
#363=IFCAXIS2PLACEMENT3D(#360,#361,#362);
#364=IFCLOCALPLACEMENT($,#363);
#365=IFCWALL('0GK9jH4XbDYR4uoGppSmLI',$,'Right Rear Timber Gable \X2\2014\X0\ west',$,$,#386,#376,$,$);
#366=IFCCARTESIANPOINTLIST2D(((0.,0.),(0.,280.),(6400.,280.),(6400.,0.),(0.,0.)));
#367=IFCINDEXEDPOLYCURVE(#366,$,.F.);
#368=IFCDIRECTION((0.,0.,1.));
#369=IFCARBITRARYCLOSEDPROFILEDEF(.AREA.,$,#367);
#370=IFCCARTESIANPOINT((0.,0.,0.));
#371=IFCDIRECTION((0.,0.,1.));
#372=IFCDIRECTION((1.,0.,0.));
#373=IFCAXIS2PLACEMENT3D(#370,#371,#372);
#374=IFCEXTRUDEDAREASOLID(#369,#373,#368,6150.);
#375=IFCSHAPEREPRESENTATION(#11,'Body','SweptSolid',(#374));
#376=IFCPRODUCTDEFINITIONSHAPE($,$,(#375));
#382=IFCCARTESIANPOINT((10000.,10400.,0.));
#383=IFCDIRECTION((0.,0.,1.));
#384=IFCDIRECTION((6.123233995736766E-17,-1.,0.));
#385=IFCAXIS2PLACEMENT3D(#382,#383,#384);
#386=IFCLOCALPLACEMENT($,#385);
#387=IFCWALL('0RlQjMMnn3g8Wc0gWuU2JL',$,'Right Rear Timber Gable \X2\2014\X0\ east',$,$,#408,#398,$,$);
#388=IFCCARTESIANPOINTLIST2D(((0.,0.),(0.,280.),(6400.,280.),(6400.,0.),(0.,0.)));
#389=IFCINDEXEDPOLYCURVE(#388,$,.F.);
#390=IFCDIRECTION((0.,0.,1.));
#391=IFCARBITRARYCLOSEDPROFILEDEF(.AREA.,$,#389);
#392=IFCCARTESIANPOINT((0.,0.,0.));
#393=IFCDIRECTION((0.,0.,1.));
#394=IFCDIRECTION((1.,0.,0.));
#395=IFCAXIS2PLACEMENT3D(#392,#393,#394);
#396=IFCEXTRUDEDAREASOLID(#391,#395,#390,6150.);
#397=IFCSHAPEREPRESENTATION(#11,'Body','SweptSolid',(#396));
#398=IFCPRODUCTDEFINITIONSHAPE($,$,(#397));
#404=IFCCARTESIANPOINT((14800.,4000.,0.));
#405=IFCDIRECTION((0.,0.,1.));
#406=IFCDIRECTION((6.123233995736766E-17,1.,0.));
#407=IFCAXIS2PLACEMENT3D(#404,#405,#406);
#408=IFCLOCALPLACEMENT($,#407);
#409=IFCWALL('2jHRfz9o16DPlGu1iZToQq',$,'Right concrete pavilion \X2\2014\X0\ south',$,$,#430,#420,$,$);
#410=IFCCARTESIANPOINTLIST2D(((0.,0.),(0.,280.),(4800.,280.),(4800.,0.),(0.,0.)));
#411=IFCINDEXEDPOLYCURVE(#410,$,.F.);
#412=IFCDIRECTION((0.,0.,1.));
#413=IFCARBITRARYCLOSEDPROFILEDEF(.AREA.,$,#411);
#414=IFCCARTESIANPOINT((0.,0.,0.));
#415=IFCDIRECTION((0.,0.,1.));
#416=IFCDIRECTION((1.,0.,0.));
#417=IFCAXIS2PLACEMENT3D(#414,#415,#416);
#418=IFCEXTRUDEDAREASOLID(#413,#417,#412,3350.);
#419=IFCSHAPEREPRESENTATION(#11,'Body','SweptSolid',(#418));
#420=IFCPRODUCTDEFINITIONSHAPE($,$,(#419));
#426=IFCCARTESIANPOINT((10000.,600.,0.));
#427=IFCDIRECTION((0.,0.,1.));
#428=IFCDIRECTION((1.,0.,0.));
#429=IFCAXIS2PLACEMENT3D(#426,#427,#428);
#430=IFCLOCALPLACEMENT($,#429);
#431=IFCWALL('2KeKP7gRD0nPSQWqlMbAvp',$,'Right concrete pavilion \X2\2014\X0\ east',$,$,#452,#442,$,$);
#432=IFCCARTESIANPOINTLIST2D(((0.,0.),(0.,280.),(4000.,280.),(4000.,0.),(0.,0.)));
#433=IFCINDEXEDPOLYCURVE(#432,$,.F.);
#434=IFCDIRECTION((0.,0.,1.));
#435=IFCARBITRARYCLOSEDPROFILEDEF(.AREA.,$,#433);
#436=IFCCARTESIANPOINT((0.,0.,0.));
#437=IFCDIRECTION((0.,0.,1.));
#438=IFCDIRECTION((1.,0.,0.));
#439=IFCAXIS2PLACEMENT3D(#436,#437,#438);
#440=IFCEXTRUDEDAREASOLID(#435,#439,#434,3350.);
#441=IFCSHAPEREPRESENTATION(#11,'Body','SweptSolid',(#440));
#442=IFCPRODUCTDEFINITIONSHAPE($,$,(#441));
#448=IFCCARTESIANPOINT((14800.,600.,0.));
#449=IFCDIRECTION((0.,0.,1.));
#450=IFCDIRECTION((6.123233995736766E-17,1.,0.));
#451=IFCAXIS2PLACEMENT3D(#448,#449,#450);
#452=IFCLOCALPLACEMENT($,#451);
#453=IFCWALL('0E35lXx6LEOecBFSOC64_W',$,'Right concrete pavilion \X2\2014\X0\ west',$,$,#474,#464,$,$);
#454=IFCCARTESIANPOINTLIST2D(((0.,0.),(0.,280.),(4000.,280.),(4000.,0.),(0.,0.)));
#455=IFCINDEXEDPOLYCURVE(#454,$,.F.);
#456=IFCDIRECTION((0.,0.,1.));
#457=IFCARBITRARYCLOSEDPROFILEDEF(.AREA.,$,#455);
#458=IFCCARTESIANPOINT((0.,0.,0.));
#459=IFCDIRECTION((0.,0.,1.));
#460=IFCDIRECTION((1.,0.,0.));
#461=IFCAXIS2PLACEMENT3D(#458,#459,#460);
#462=IFCEXTRUDEDAREASOLID(#457,#461,#456,3350.);
#463=IFCSHAPEREPRESENTATION(#11,'Body','SweptSolid',(#462));
#464=IFCPRODUCTDEFINITIONSHAPE($,$,(#463));
#470=IFCCARTESIANPOINT((10000.,4600.,0.));
#471=IFCDIRECTION((0.,0.,1.));
#472=IFCDIRECTION((6.123233995736766E-17,-1.,0.));
#473=IFCAXIS2PLACEMENT3D(#470,#471,#472);
#474=IFCLOCALPLACEMENT($,#473);
#475=IFCSLAB('2uuMlISqf0mx2bktYat$bD',$,'Right pavilion warm roof',$,$,#493,#482,$,.FLOOR.);
#476=IFCCARTESIANPOINTLIST2D(((0.,0.),(4800.,0.),(4800.,4000.),(0.,4000.)));
#477=IFCINDEXEDPOLYCURVE(#476,$,$);
#478=IFCDIRECTION((0.,0.,1.));
#479=IFCARBITRARYCLOSEDPROFILEDEF(.AREA.,$,#477);
#480=IFCEXTRUDEDAREASOLID(#479,$,#478,220.);
#481=IFCSHAPEREPRESENTATION(#11,'Body','SweptSolid',(#480));
#482=IFCPRODUCTDEFINITIONSHAPE($,$,(#481));
#488=IFCRELCONTAINEDINSPATIALSTRUCTURE('1rRFbmew93Ngw2YYp9Qk0w',$,$,$,(#1780,#475,#1749,#1717),#16);
#489=IFCCARTESIANPOINT((10000.,600.,3350.));
#490=IFCDIRECTION((0.,0.,1.));
#491=IFCDIRECTION((1.,0.,0.));
#492=IFCAXIS2PLACEMENT3D(#489,#490,#491);
#493=IFCLOCALPLACEMENT($,#492);
#494=IFCWALL('1Q3l64Abz3POIaOx$LpZoa',$,'Ground partition band 1',$,$,#515,#505,$,$);
#495=IFCCARTESIANPOINTLIST2D(((0.,0.),(0.,140.),(14300.,140.),(14300.,0.),(0.,0.)));
#496=IFCINDEXEDPOLYCURVE(#495,$,.F.);
#497=IFCDIRECTION((0.,0.,1.));
#498=IFCARBITRARYCLOSEDPROFILEDEF(.AREA.,$,#496);
#499=IFCCARTESIANPOINT((0.,0.,0.));
#500=IFCDIRECTION((0.,0.,1.));
#501=IFCDIRECTION((1.,0.,0.));
#502=IFCAXIS2PLACEMENT3D(#499,#500,#501);
#503=IFCEXTRUDEDAREASOLID(#498,#502,#497,3049.9999999999995);
#504=IFCSHAPEREPRESENTATION(#11,'Body','SweptSolid',(#503));
#505=IFCPRODUCTDEFINITIONSHAPE($,$,(#504));
#511=IFCCARTESIANPOINT((250.,4375.,0.));
#512=IFCDIRECTION((0.,0.,1.));
#513=IFCDIRECTION((1.,0.,0.));
#514=IFCAXIS2PLACEMENT3D(#511,#512,#513);
#515=IFCLOCALPLACEMENT($,#514);
#516=IFCRELASSOCIATESMATERIAL('3xYwjPDdf5lhQdRTUyM7$r',$,$,$,(#781,#847,#869,#627,#913,#605,#649,#891,#671,#517,#561,#583,#715,#737,#759,#803,#825,#494,#693,#539),#32);
#517=IFCWALL('3TEl5kb993f8HuMhHXKwcp',$,'Ground partition band 2',$,$,#538,#528,$,$);
#518=IFCCARTESIANPOINTLIST2D(((0.,0.),(0.,140.),(14300.,140.),(14300.,0.),(0.,0.)));
#519=IFCINDEXEDPOLYCURVE(#518,$,.F.);
#520=IFCDIRECTION((0.,0.,1.));
#521=IFCARBITRARYCLOSEDPROFILEDEF(.AREA.,$,#519);
#522=IFCCARTESIANPOINT((0.,0.,0.));
#523=IFCDIRECTION((0.,0.,1.));
#524=IFCDIRECTION((1.,0.,0.));
#525=IFCAXIS2PLACEMENT3D(#522,#523,#524);
#526=IFCEXTRUDEDAREASOLID(#521,#525,#520,3049.9999999999995);
#527=IFCSHAPEREPRESENTATION(#11,'Body','SweptSolid',(#526));
#528=IFCPRODUCTDEFINITIONSHAPE($,$,(#527));
#534=IFCCARTESIANPOINT((250.,7724.9999999999991,0.));
#535=IFCDIRECTION((0.,0.,1.));
#536=IFCDIRECTION((1.,0.,0.));
#537=IFCAXIS2PLACEMENT3D(#534,#535,#536);
#538=IFCLOCALPLACEMENT($,#537);
#539=IFCWALL('2A8u0GhMj6l8DbDGImrIKO',$,'Ground room divider 1',$,$,#560,#550,$,$);
#540=IFCCARTESIANPOINTLIST2D(((0.,0.),(0.,140.),(4000.,140.),(4000.,0.),(0.,0.)));
#541=IFCINDEXEDPOLYCURVE(#540,$,.F.);
#542=IFCDIRECTION((0.,0.,1.));
#543=IFCARBITRARYCLOSEDPROFILEDEF(.AREA.,$,#541);
#544=IFCCARTESIANPOINT((0.,0.,0.));
#545=IFCDIRECTION((0.,0.,1.));
#546=IFCDIRECTION((1.,0.,0.));
#547=IFCAXIS2PLACEMENT3D(#544,#545,#546);
#548=IFCEXTRUDEDAREASOLID(#543,#547,#542,3049.9999999999995);
#549=IFCSHAPEREPRESENTATION(#11,'Body','SweptSolid',(#548));
#550=IFCPRODUCTDEFINITIONSHAPE($,$,(#549));
#556=IFCCARTESIANPOINT((7250.,300.,0.));
#557=IFCDIRECTION((0.,0.,1.));
#558=IFCDIRECTION((6.123233995736766E-17,1.,0.));
#559=IFCAXIS2PLACEMENT3D(#556,#557,#558);
#560=IFCLOCALPLACEMENT($,#559);
#561=IFCWALL('1xK37JR_vFMgc564FPUz0R',$,'Ground room divider 2',$,$,#582,#572,$,$);
#562=IFCCARTESIANPOINTLIST2D(((0.,0.),(0.,140.),(4000.,140.),(4000.,0.),(0.,0.)));
#563=IFCINDEXEDPOLYCURVE(#562,$,.F.);
#564=IFCDIRECTION((0.,0.,1.));
#565=IFCARBITRARYCLOSEDPROFILEDEF(.AREA.,$,#563);
#566=IFCCARTESIANPOINT((0.,0.,0.));
#567=IFCDIRECTION((0.,0.,1.));
#568=IFCDIRECTION((1.,0.,0.));
#569=IFCAXIS2PLACEMENT3D(#566,#567,#568);
#570=IFCEXTRUDEDAREASOLID(#565,#569,#564,3049.9999999999995);
#571=IFCSHAPEREPRESENTATION(#11,'Body','SweptSolid',(#570));
#572=IFCPRODUCTDEFINITIONSHAPE($,$,(#571));
#578=IFCCARTESIANPOINT((13300.,300.,0.));
#579=IFCDIRECTION((0.,0.,1.));
#580=IFCDIRECTION((6.123233995736766E-17,1.,0.));
#581=IFCAXIS2PLACEMENT3D(#578,#579,#580);
#582=IFCLOCALPLACEMENT($,#581);
#583=IFCWALL('15kb4P_NX6AxHUVVxMehxn',$,'Ground room divider 3',$,$,#604,#594,$,$);
#584=IFCCARTESIANPOINTLIST2D(((0.,0.),(0.,140.),(3200.,140.),(3200.,0.),(0.,0.)));
#585=IFCINDEXEDPOLYCURVE(#584,$,.F.);
#586=IFCDIRECTION((0.,0.,1.));
#587=IFCARBITRARYCLOSEDPROFILEDEF(.AREA.,$,#585);
#588=IFCCARTESIANPOINT((0.,0.,0.));
#589=IFCDIRECTION((0.,0.,1.));
#590=IFCDIRECTION((1.,0.,0.));
#591=IFCAXIS2PLACEMENT3D(#588,#589,#590);
#592=IFCEXTRUDEDAREASOLID(#587,#591,#586,3049.9999999999995);
#593=IFCSHAPEREPRESENTATION(#11,'Body','SweptSolid',(#592));
#594=IFCPRODUCTDEFINITIONSHAPE($,$,(#593));
#600=IFCCARTESIANPOINT((4712.5,4450.,0.));
#601=IFCDIRECTION((0.,0.,1.));
#602=IFCDIRECTION((6.123233995736766E-17,1.,0.));
#603=IFCAXIS2PLACEMENT3D(#600,#601,#602);
#604=IFCLOCALPLACEMENT($,#603);
#605=IFCWALL('2VCzUOwhP80e8oLZ8jr$wF',$,'Ground room divider 4',$,$,#626,#616,$,$);
#606=IFCCARTESIANPOINTLIST2D(((0.,0.),(0.,140.),(3200.,140.),(3200.,0.),(0.,0.)));
#607=IFCINDEXEDPOLYCURVE(#606,$,.F.);
#608=IFCDIRECTION((0.,0.,1.));
#609=IFCARBITRARYCLOSEDPROFILEDEF(.AREA.,$,#607);
#610=IFCCARTESIANPOINT((0.,0.,0.));
#611=IFCDIRECTION((0.,0.,1.));
#612=IFCDIRECTION((1.,0.,0.));
#613=IFCAXIS2PLACEMENT3D(#610,#611,#612);
#614=IFCEXTRUDEDAREASOLID(#609,#613,#608,3049.9999999999995);
#615=IFCSHAPEREPRESENTATION(#11,'Body','SweptSolid',(#614));
#616=IFCPRODUCTDEFINITIONSHAPE($,$,(#615));
#622=IFCCARTESIANPOINT((8850.,4450.,0.));
#623=IFCDIRECTION((0.,0.,1.));
#624=IFCDIRECTION((6.123233995736766E-17,1.,0.));
#625=IFCAXIS2PLACEMENT3D(#622,#623,#624);
#626=IFCLOCALPLACEMENT($,#625);
#627=IFCWALL('0rZdGAJ1vC8uQsvpWbCpAi',$,'Ground room divider 5',$,$,#648,#638,$,$);
#628=IFCCARTESIANPOINTLIST2D(((0.,0.),(0.,140.),(3200.,140.),(3200.,0.),(0.,0.)));
#629=IFCINDEXEDPOLYCURVE(#628,$,.F.);
#630=IFCDIRECTION((0.,0.,1.));
#631=IFCARBITRARYCLOSEDPROFILEDEF(.AREA.,$,#629);
#632=IFCCARTESIANPOINT((0.,0.,0.));
#633=IFCDIRECTION((0.,0.,1.));
#634=IFCDIRECTION((1.,0.,0.));
#635=IFCAXIS2PLACEMENT3D(#632,#633,#634);
#636=IFCEXTRUDEDAREASOLID(#631,#635,#630,3049.9999999999995);
#637=IFCSHAPEREPRESENTATION(#11,'Body','SweptSolid',(#636));
#638=IFCPRODUCTDEFINITIONSHAPE($,$,(#637));
#644=IFCCARTESIANPOINT((12300.,4450.,0.));
#645=IFCDIRECTION((0.,0.,1.));
#646=IFCDIRECTION((6.123233995736766E-17,1.,0.));
#647=IFCAXIS2PLACEMENT3D(#644,#645,#646);
#648=IFCLOCALPLACEMENT($,#647);
#649=IFCWALL('0rPxNhUGD0fwFPVHhrDvNS',$,'Ground room divider 6',$,$,#670,#660,$,$);
#650=IFCCARTESIANPOINTLIST2D(((0.,0.),(0.,140.),(2200.,140.),(2200.,0.),(0.,0.)));
#651=IFCINDEXEDPOLYCURVE(#650,$,.F.);
#652=IFCDIRECTION((0.,0.,1.));
#653=IFCARBITRARYCLOSEDPROFILEDEF(.AREA.,$,#651);
#654=IFCCARTESIANPOINT((0.,0.,0.));
#655=IFCDIRECTION((0.,0.,1.));
#656=IFCDIRECTION((1.,0.,0.));
#657=IFCAXIS2PLACEMENT3D(#654,#655,#656);
#658=IFCEXTRUDEDAREASOLID(#653,#657,#652,3049.9999999999995);
#659=IFCSHAPEREPRESENTATION(#11,'Body','SweptSolid',(#658));
#660=IFCPRODUCTDEFINITIONSHAPE($,$,(#659));
#666=IFCCARTESIANPOINT((4713.6360000000004,7800.,0.));
#667=IFCDIRECTION((0.,0.,1.));
#668=IFCDIRECTION((6.123233995736766E-17,1.,0.));
#669=IFCAXIS2PLACEMENT3D(#666,#667,#668);
#670=IFCLOCALPLACEMENT($,#669);
#671=IFCWALL('2fwR40_cj0qfJ44IQ50Et3',$,'Ground room divider 7',$,$,#692,#682,$,$);
#672=IFCCARTESIANPOINTLIST2D(((0.,0.),(0.,140.),(2200.,140.),(2200.,0.),(0.,0.)));
#673=IFCINDEXEDPOLYCURVE(#672,$,.F.);
#674=IFCDIRECTION((0.,0.,1.));
#675=IFCARBITRARYCLOSEDPROFILEDEF(.AREA.,$,#673);
#676=IFCCARTESIANPOINT((0.,0.,0.));
#677=IFCDIRECTION((0.,0.,1.));
#678=IFCDIRECTION((1.,0.,0.));
#679=IFCAXIS2PLACEMENT3D(#676,#677,#678);
#680=IFCEXTRUDEDAREASOLID(#675,#679,#674,3049.9999999999995);
#681=IFCSHAPEREPRESENTATION(#11,'Body','SweptSolid',(#680));
#682=IFCPRODUCTDEFINITIONSHAPE($,$,(#681));
#688=IFCCARTESIANPOINT((7772.7269999999999,7800.,0.));
#689=IFCDIRECTION((0.,0.,1.));
#690=IFCDIRECTION((6.123233995736766E-17,1.,0.));
#691=IFCAXIS2PLACEMENT3D(#688,#689,#690);
#692=IFCLOCALPLACEMENT($,#691);
#693=IFCWALL('2fDenMv3X5g9c$cw5HgI2v',$,'Ground room divider 8',$,$,#714,#704,$,$);
#694=IFCCARTESIANPOINTLIST2D(((0.,0.),(0.,140.),(2200.,140.),(2200.,0.),(0.,0.)));
#695=IFCINDEXEDPOLYCURVE(#694,$,.F.);
#696=IFCDIRECTION((0.,0.,1.));
#697=IFCARBITRARYCLOSEDPROFILEDEF(.AREA.,$,#695);
#698=IFCCARTESIANPOINT((0.,0.,0.));
#699=IFCDIRECTION((0.,0.,1.));
#700=IFCDIRECTION((1.,0.,0.));
#701=IFCAXIS2PLACEMENT3D(#698,#699,#700);
#702=IFCEXTRUDEDAREASOLID(#697,#701,#696,3049.9999999999995);
#703=IFCSHAPEREPRESENTATION(#11,'Body','SweptSolid',(#702));
#704=IFCPRODUCTDEFINITIONSHAPE($,$,(#703));
#710=IFCCARTESIANPOINT((9195.4549999999999,7800.,0.));
#711=IFCDIRECTION((0.,0.,1.));
#712=IFCDIRECTION((6.123233995736766E-17,1.,0.));
#713=IFCAXIS2PLACEMENT3D(#710,#711,#712);
#714=IFCLOCALPLACEMENT($,#713);
#715=IFCWALL('2Z0uyg$ED3iPZtclLplHN6',$,'Ground room divider 9',$,$,#736,#726,$,$);
#716=IFCCARTESIANPOINTLIST2D(((0.,0.),(0.,140.),(2200.,140.),(2200.,0.),(0.,0.)));
#717=IFCINDEXEDPOLYCURVE(#716,$,.F.);
#718=IFCDIRECTION((0.,0.,1.));
#719=IFCARBITRARYCLOSEDPROFILEDEF(.AREA.,$,#717);
#720=IFCCARTESIANPOINT((0.,0.,0.));
#721=IFCDIRECTION((0.,0.,1.));
#722=IFCDIRECTION((1.,0.,0.));
#723=IFCAXIS2PLACEMENT3D(#720,#721,#722);
#724=IFCEXTRUDEDAREASOLID(#719,#723,#718,3049.9999999999995);
#725=IFCSHAPEREPRESENTATION(#11,'Body','SweptSolid',(#724));
#726=IFCPRODUCTDEFINITIONSHAPE($,$,(#725));
#732=IFCCARTESIANPOINT((11709.091,7800.,0.));
#733=IFCDIRECTION((0.,0.,1.));
#734=IFCDIRECTION((6.123233995736766E-17,1.,0.));
#735=IFCAXIS2PLACEMENT3D(#732,#733,#734);
#736=IFCLOCALPLACEMENT($,#735);
#737=IFCWALL('0sYKoj$m93dvQ_moFfejwP',$,'Upper bedroom corridor wall',$,$,#758,#748,$,$);
#738=IFCCARTESIANPOINTLIST2D(((0.,0.),(0.,140.),(10199.999999999998,140.),(10199.999999999998,0.),(0.,0.)));
#739=IFCINDEXEDPOLYCURVE(#738,$,.F.);
#740=IFCDIRECTION((0.,0.,1.));
#741=IFCARBITRARYCLOSEDPROFILEDEF(.AREA.,$,#739);
#742=IFCCARTESIANPOINT((0.,0.,0.));
#743=IFCDIRECTION((0.,0.,1.));
#744=IFCDIRECTION((1.,0.,0.));
#745=IFCAXIS2PLACEMENT3D(#742,#743,#744);
#746=IFCEXTRUDEDAREASOLID(#741,#745,#740,3150.);
#747=IFCSHAPEREPRESENTATION(#11,'Body','SweptSolid',(#746));
#748=IFCPRODUCTDEFINITIONSHAPE($,$,(#747));
#754=IFCCARTESIANPOINT((250.,4900.,3250.));
#755=IFCDIRECTION((0.,0.,1.));
#756=IFCDIRECTION((1.,0.,0.));
#757=IFCAXIS2PLACEMENT3D(#754,#755,#756);
#758=IFCLOCALPLACEMENT($,#757);
#759=IFCWALL('1NGWw$UXbE9xerpYkN$L8Q',$,'Upper bedroom divider 1',$,$,#780,#770,$,$);
#760=IFCCARTESIANPOINTLIST2D(((0.,0.),(0.,140.),(4500.,140.),(4500.,0.),(0.,0.)));
#761=IFCINDEXEDPOLYCURVE(#760,$,.F.);
#762=IFCDIRECTION((0.,0.,1.));
#763=IFCARBITRARYCLOSEDPROFILEDEF(.AREA.,$,#761);
#764=IFCCARTESIANPOINT((0.,0.,0.));
#765=IFCDIRECTION((0.,0.,1.));
#766=IFCDIRECTION((1.,0.,0.));
#767=IFCAXIS2PLACEMENT3D(#764,#765,#766);
#768=IFCEXTRUDEDAREASOLID(#763,#767,#762,3150.);
#769=IFCSHAPEREPRESENTATION(#11,'Body','SweptSolid',(#768));
#770=IFCPRODUCTDEFINITIONSHAPE($,$,(#769));
#776=IFCCARTESIANPOINT((4197.2219999999998,300.,3250.));
#777=IFCDIRECTION((0.,0.,1.));
#778=IFCDIRECTION((6.123233995736766E-17,1.,0.));
#779=IFCAXIS2PLACEMENT3D(#776,#777,#778);
#780=IFCLOCALPLACEMENT($,#779);
#781=IFCWALL('28wt$SZOHEPx5cnZJ41Wst',$,'Upper bedroom divider 2',$,$,#802,#792,$,$);
#782=IFCCARTESIANPOINTLIST2D(((0.,0.),(0.,140.),(4500.,140.),(4500.,0.),(0.,0.)));
#783=IFCINDEXEDPOLYCURVE(#782,$,.F.);
#784=IFCDIRECTION((0.,0.,1.));
#785=IFCARBITRARYCLOSEDPROFILEDEF(.AREA.,$,#783);
#786=IFCCARTESIANPOINT((0.,0.,0.));
#787=IFCDIRECTION((0.,0.,1.));
#788=IFCDIRECTION((1.,0.,0.));
#789=IFCAXIS2PLACEMENT3D(#786,#787,#788);
#790=IFCEXTRUDEDAREASOLID(#785,#789,#784,3150.);
#791=IFCSHAPEREPRESENTATION(#11,'Body','SweptSolid',(#790));
#792=IFCPRODUCTDEFINITIONSHAPE($,$,(#791));
#798=IFCCARTESIANPOINT((7369.4439999999995,300.,3250.));
#799=IFCDIRECTION((0.,0.,1.));
#800=IFCDIRECTION((6.123233995736766E-17,1.,0.));
#801=IFCAXIS2PLACEMENT3D(#798,#799,#800);
#802=IFCLOCALPLACEMENT($,#801);
#803=IFCWALL('0aFDWErw10QwAt0XxqzWAr',$,'Upper service divider 1',$,$,#824,#814,$,$);
#804=IFCCARTESIANPOINTLIST2D(((0.,0.),(0.,140.),(2200.,140.),(2200.,0.),(0.,0.)));
#805=IFCINDEXEDPOLYCURVE(#804,$,.F.);
#806=IFCDIRECTION((0.,0.,1.));
#807=IFCARBITRARYCLOSEDPROFILEDEF(.AREA.,$,#805);
#808=IFCCARTESIANPOINT((0.,0.,0.));
#809=IFCDIRECTION((0.,0.,1.));
#810=IFCDIRECTION((1.,0.,0.));
#811=IFCAXIS2PLACEMENT3D(#808,#809,#810);
#812=IFCEXTRUDEDAREASOLID(#807,#811,#806,3150.);
#813=IFCSHAPEREPRESENTATION(#11,'Body','SweptSolid',(#812));
#814=IFCPRODUCTDEFINITIONSHAPE($,$,(#813));
#820=IFCCARTESIANPOINT((2829.5450000000001,5000.,3250.));
#821=IFCDIRECTION((0.,0.,1.));
#822=IFCDIRECTION((6.123233995736766E-17,1.,0.));
#823=IFCAXIS2PLACEMENT3D(#820,#821,#822);
#824=IFCLOCALPLACEMENT($,#823);
#825=IFCWALL('1ySGfb5LH2ofIO0iMwtu8k',$,'Upper service divider 2',$,$,#846,#836,$,$);
#826=IFCCARTESIANPOINTLIST2D(((0.,0.),(0.,140.),(2200.,140.),(2200.,0.),(0.,0.)));
#827=IFCINDEXEDPOLYCURVE(#826,$,.F.);
#828=IFCDIRECTION((0.,0.,1.));
#829=IFCARBITRARYCLOSEDPROFILEDEF(.AREA.,$,#827);
#830=IFCCARTESIANPOINT((0.,0.,0.));
#831=IFCDIRECTION((0.,0.,1.));
#832=IFCDIRECTION((1.,0.,0.));
#833=IFCAXIS2PLACEMENT3D(#830,#831,#832);
#834=IFCEXTRUDEDAREASOLID(#829,#833,#828,3150.);
#835=IFCSHAPEREPRESENTATION(#11,'Body','SweptSolid',(#834));
#836=IFCPRODUCTDEFINITIONSHAPE($,$,(#835));
#842=IFCCARTESIANPOINT((5706.8180000000002,5000.,3250.));
#843=IFCDIRECTION((0.,0.,1.));
#844=IFCDIRECTION((6.123233995736766E-17,1.,0.));
#845=IFCAXIS2PLACEMENT3D(#842,#843,#844);
#846=IFCLOCALPLACEMENT($,#845);
#847=IFCWALL('17yJBxC_bFHhtnlJxhTduz',$,'Upper service divider 3',$,$,#868,#858,$,$);
#848=IFCCARTESIANPOINTLIST2D(((0.,0.),(0.,140.),(2200.,140.),(2200.,0.),(0.,0.)));
#849=IFCINDEXEDPOLYCURVE(#848,$,.F.);
#850=IFCDIRECTION((0.,0.,1.));
#851=IFCARBITRARYCLOSEDPROFILEDEF(.AREA.,$,#849);
#852=IFCCARTESIANPOINT((0.,0.,0.));
#853=IFCDIRECTION((0.,0.,1.));
#854=IFCDIRECTION((1.,0.,0.));
#855=IFCAXIS2PLACEMENT3D(#852,#853,#854);
#856=IFCEXTRUDEDAREASOLID(#851,#855,#850,3150.);
#857=IFCSHAPEREPRESENTATION(#11,'Body','SweptSolid',(#856));
#858=IFCPRODUCTDEFINITIONSHAPE($,$,(#857));
#864=IFCCARTESIANPOINT((9925.,5000.,3250.));
#865=IFCDIRECTION((0.,0.,1.));
#866=IFCDIRECTION((6.123233995736766E-17,1.,0.));
#867=IFCAXIS2PLACEMENT3D(#864,#865,#866);
#868=IFCLOCALPLACEMENT($,#867);
#869=IFCWALL('11aTAGyCP5SxtOJSBgh8Nn',$,'Upper service divider 4',$,$,#890,#880,$,$);
#870=IFCCARTESIANPOINTLIST2D(((0.,0.),(0.,140.),(2200.,140.),(2200.,0.),(0.,0.)));
#871=IFCINDEXEDPOLYCURVE(#870,$,.F.);
#872=IFCDIRECTION((0.,0.,1.));
#873=IFCARBITRARYCLOSEDPROFILEDEF(.AREA.,$,#871);
#874=IFCCARTESIANPOINT((0.,0.,0.));
#875=IFCDIRECTION((0.,0.,1.));
#876=IFCDIRECTION((1.,0.,0.));
#877=IFCAXIS2PLACEMENT3D(#874,#875,#876);
#878=IFCEXTRUDEDAREASOLID(#873,#877,#872,3150.);
#879=IFCSHAPEREPRESENTATION(#11,'Body','SweptSolid',(#878));
#880=IFCPRODUCTDEFINITIONSHAPE($,$,(#879));
#886=IFCCARTESIANPOINT((13120.455,5000.,3250.));
#887=IFCDIRECTION((0.,0.,1.));
#888=IFCDIRECTION((6.123233995736766E-17,1.,0.));
#889=IFCAXIS2PLACEMENT3D(#886,#887,#888);
#890=IFCLOCALPLACEMENT($,#889);
#891=IFCWALL('1s3H3EApfF6uV0EmhKZNja',$,'Upper north gallery wall',$,$,#912,#902,$,$);
#892=IFCCARTESIANPOINTLIST2D(((0.,0.),(0.,140.),(8850.,140.),(8850.,0.),(0.,0.)));
#893=IFCINDEXEDPOLYCURVE(#892,$,.F.);
#894=IFCDIRECTION((0.,0.,1.));
#895=IFCARBITRARYCLOSEDPROFILEDEF(.AREA.,$,#893);
#896=IFCCARTESIANPOINT((0.,0.,0.));
#897=IFCDIRECTION((0.,0.,1.));
#898=IFCDIRECTION((1.,0.,0.));
#899=IFCAXIS2PLACEMENT3D(#896,#897,#898);
#900=IFCEXTRUDEDAREASOLID(#895,#899,#894,3150.);
#901=IFCSHAPEREPRESENTATION(#11,'Body','SweptSolid',(#900));
#902=IFCPRODUCTDEFINITIONSHAPE($,$,(#901));
#908=IFCCARTESIANPOINT((5400.,7300.,3250.));
#909=IFCDIRECTION((0.,0.,1.));
#910=IFCDIRECTION((1.,0.,0.));
#911=IFCAXIS2PLACEMENT3D(#908,#909,#910);
#912=IFCLOCALPLACEMENT($,#911);
#913=IFCWALL('0arxUtrof84AbfQw_wo0PO',$,'Upper family lounge divider',$,$,#934,#924,$,$);
#914=IFCCARTESIANPOINTLIST2D(((0.,0.),(0.,140.),(3000.,140.),(3000.,0.),(0.,0.)));
#915=IFCINDEXEDPOLYCURVE(#914,$,.F.);
#916=IFCDIRECTION((0.,0.,1.));
#917=IFCARBITRARYCLOSEDPROFILEDEF(.AREA.,$,#915);
#918=IFCCARTESIANPOINT((0.,0.,0.));
#919=IFCDIRECTION((0.,0.,1.));
#920=IFCDIRECTION((1.,0.,0.));
#921=IFCAXIS2PLACEMENT3D(#918,#919,#920);
#922=IFCEXTRUDEDAREASOLID(#917,#921,#916,3150.);
#923=IFCSHAPEREPRESENTATION(#11,'Body','SweptSolid',(#922));
#924=IFCPRODUCTDEFINITIONSHAPE($,$,(#923));
#930=IFCCARTESIANPOINT((9808.3329999999987,7400.,3250.));
#931=IFCDIRECTION((0.,0.,1.));
#932=IFCDIRECTION((6.123233995736766E-17,1.,0.));
#933=IFCAXIS2PLACEMENT3D(#930,#931,#932);
#934=IFCLOCALPLACEMENT($,#933);
#935=IFCSPACE('2EHIatDgr799wLIaX1gC3W',$,'G01 \X2\0413043E044104420438043D0430044F\X0\',$,$,#953,#942,'\X2\0413043E044104420438043D0430044F\X0\',$,.INTERNAL.,$);
#936=IFCCARTESIANPOINTLIST2D(((0.,0.),(7150.,0.),(7150.,4000.),(0.,4000.)));
#937=IFCINDEXEDPOLYCURVE(#936,$,$);
#938=IFCDIRECTION((0.,0.,1.));
#939=IFCARBITRARYCLOSEDPROFILEDEF(.AREA.,$,#937);
#940=IFCEXTRUDEDAREASOLID(#939,$,#938,25.);
#941=IFCSHAPEREPRESENTATION(#11,'Body','SweptSolid',(#940));
#942=IFCPRODUCTDEFINITIONSHAPE($,$,(#941));
#948=IFCRELAGGREGATES('2SBX7aMMDAXxnFB2XxJLur',$,$,$,#14,(#1056,#1206,#966,#1026,#1086,#1146,#1176,#996,#1116,#1266,#1236,#935));
#949=IFCCARTESIANPOINT((300.,300.,10.));
#950=IFCDIRECTION((0.,0.,1.));
#951=IFCDIRECTION((1.,0.,0.));
#952=IFCAXIS2PLACEMENT3D(#949,#950,#951);
#953=IFCLOCALPLACEMENT($,#952);
#954=IFCPROPERTYSET('1OE3vdhNf2Q96ZwKsBcgwH',$,'Pset_SpaceCommon',$,(#956,#957));
#955=IFCRELDEFINESBYPROPERTIES('1r_jUzmQfDhRpNVDt7TCwT',$,$,$,(#935),#954);
#956=IFCPROPERTYSINGLEVALUE('Reference',$,IFCIDENTIFIER('G01'),$);
#957=IFCPROPERTYSINGLEVALUE('IsExternal',$,IFCBOOLEAN(.F.),$);
#958=IFCPROPERTYSET('2HI_oBtV90rPm51GMw0XbH',$,'Qto_SpaceBaseQuantities',$,(#960,#961));
#959=IFCRELDEFINESBYPROPERTIES('3qLZauJHH3xgAcInMQw35_',$,$,$,(#935),#958);
#960=IFCPROPERTYSINGLEVALUE('NetFloorArea',$,IFCLABEL('28.6'),$);
#961=IFCPROPERTYSINGLEVALUE('Height',$,IFCLABEL('3.0'),$);
#962=IFCPROPERTYSET('1MnlbFVGf3Mf0HVI9_A59A',$,'Pset_KIN_RoomData',$,(#964,#965));
#963=IFCRELDEFINESBYPROPERTIES('30JM3ZKZDC$ewMlEwUlwB2',$,$,$,(#935),#962);
#964=IFCPROPERTYSINGLEVALUE('ProgramArea',$,IFCREAL(28.600000000000001),$);
#965=IFCPROPERTYSINGLEVALUE('Level',$,IFCLABEL('01 \X2\041F043504400432044B0439\X0\ \X2\044D044204300436\X0\'),$);
#966=IFCSPACE('2IdneKdPz8Hv2Xh_MqLb$K',$,'G02 \X2\041A04430445043D044F\X0\-\X2\04410442043E043B043E04320430044F\X0\',$,$,#983,#973,'\X2\041A04430445043D044F\X0\-\X2\04410442043E043B043E04320430044F\X0\',$,.INTERNAL.,$);
#967=IFCCARTESIANPOINTLIST2D(((0.,0.),(5849.9999999999991,0.),(5849.9999999999991,4000.),(0.,4000.)));
#968=IFCINDEXEDPOLYCURVE(#967,$,$);
#969=IFCDIRECTION((0.,0.,1.));
#970=IFCARBITRARYCLOSEDPROFILEDEF(.AREA.,$,#968);
#971=IFCEXTRUDEDAREASOLID(#970,$,#969,25.);
#972=IFCSHAPEREPRESENTATION(#11,'Body','SweptSolid',(#971));
#973=IFCPRODUCTDEFINITIONSHAPE($,$,(#972));
#979=IFCCARTESIANPOINT((7349.9999999999991,300.,10.));
#980=IFCDIRECTION((0.,0.,1.));
#981=IFCDIRECTION((1.,0.,0.));
#982=IFCAXIS2PLACEMENT3D(#979,#980,#981);
#983=IFCLOCALPLACEMENT($,#982);
#984=IFCPROPERTYSET('3C9I3b8vr0dO7QEGQym_kN',$,'Pset_SpaceCommon',$,(#986,#987));
#985=IFCRELDEFINESBYPROPERTIES('1RaM7mUnn2x8NOcSt0Eccy',$,$,$,(#966),#984);
#986=IFCPROPERTYSINGLEVALUE('Reference',$,IFCIDENTIFIER('G02'),$);
#987=IFCPROPERTYSINGLEVALUE('IsExternal',$,IFCBOOLEAN(.F.),$);
#988=IFCPROPERTYSET('2cPW0JSJv0Ff63cZGAO5ZR',$,'Qto_SpaceBaseQuantities',$,(#990,#991));
#989=IFCRELDEFINESBYPROPERTIES('0PHqxXf9DC8gCIr9Www89A',$,$,$,(#966),#988);
#990=IFCPROPERTYSINGLEVALUE('NetFloorArea',$,IFCLABEL('23.4'),$);
#991=IFCPROPERTYSINGLEVALUE('Height',$,IFCLABEL('3.0'),$);
#992=IFCPROPERTYSET('0CTQEre6L7$RMMPIc46O3K',$,'Pset_KIN_RoomData',$,(#994,#995));
#993=IFCRELDEFINESBYPROPERTIES('3non4Nqa5CIPMIVaWHPPzy',$,$,$,(#966),#992);
#994=IFCPROPERTYSINGLEVALUE('ProgramArea',$,IFCREAL(23.399999999999999),$);
#995=IFCPROPERTYSINGLEVALUE('Level',$,IFCLABEL('01 \X2\041F043504400432044B0439\X0\ \X2\044D044204300436\X0\'),$);
#996=IFCSPACE('10r7MPbxf12RNPuSOhnsrd',$,'G03 \X2\041A043B04300434043E04320430044F\X0\ \X2\043A04430445043D0438\X0\',$,$,#1013,#1003,'\X2\041A043B04300434043E04320430044F\X0\ \X2\043A04430445043D0438\X0\',$,.INTERNAL.,$);
#997=IFCCARTESIANPOINTLIST2D(((0.,0.),(800.,0.),(800.,4000.),(0.,4000.)));
#998=IFCINDEXEDPOLYCURVE(#997,$,$);
#999=IFCDIRECTION((0.,0.,1.));
#1000=IFCARBITRARYCLOSEDPROFILEDEF(.AREA.,$,#998);
#1001=IFCEXTRUDEDAREASOLID(#1000,$,#999,25.);
#1002=IFCSHAPEREPRESENTATION(#11,'Body','SweptSolid',(#1001));
#1003=IFCPRODUCTDEFINITIONSHAPE($,$,(#1002));
#1009=IFCCARTESIANPOINT((13400.,300.,10.));
#1010=IFCDIRECTION((0.,0.,1.));
#1011=IFCDIRECTION((1.,0.,0.));
#1012=IFCAXIS2PLACEMENT3D(#1009,#1010,#1011);
#1013=IFCLOCALPLACEMENT($,#1012);
#1014=IFCPROPERTYSET('1o6aiJ8O13cRFitwqh53yM',$,'Pset_SpaceCommon',$,(#1016,#1017));
#1015=IFCRELDEFINESBYPROPERTIES('3ytf9fvw14GRWK9oLPfmtB',$,$,$,(#996),#1014);
#1016=IFCPROPERTYSINGLEVALUE('Reference',$,IFCIDENTIFIER('G03'),$);
#1017=IFCPROPERTYSINGLEVALUE('IsExternal',$,IFCBOOLEAN(.F.),$);
#1018=IFCPROPERTYSET('3giFQt4T150w$NXJCqNxRh',$,'Qto_SpaceBaseQuantities',$,(#1020,#1021));
#1019=IFCRELDEFINESBYPROPERTIES('0NvlZ5ucz3Of7$Ymz_7g4j',$,$,$,(#996),#1018);
#1020=IFCPROPERTYSINGLEVALUE('NetFloorArea',$,IFCLABEL('3.2'),$);
#1021=IFCPROPERTYSINGLEVALUE('Height',$,IFCLABEL('3.0'),$);
#1022=IFCPROPERTYSET('2QfIz22T54qglL27JGRPGs',$,'Pset_KIN_RoomData',$,(#1024,#1025));
#1023=IFCRELDEFINESBYPROPERTIES('3oJBCqpbb7quoVfMSjuzej',$,$,$,(#996),#1022);
#1024=IFCPROPERTYSINGLEVALUE('ProgramArea',$,IFCREAL(3.2000000000000002),$);
#1025=IFCPROPERTYSINGLEVALUE('Level',$,IFCLABEL('01 \X2\041F043504400432044B0439\X0\ \X2\044D044204300436\X0\'),$);
#1026=IFCSPACE('11za_nZVD74gb4VX$J6R_k',$,'G04 \X2\04140432044304450441043204350442043D044B0439\X0\ \X2\0445043E043B043B\X0\',$,$,#1043,#1033,'\X2\04140432044304450441043204350442043D044B0439\X0\ \X2\0445043E043B043B\X0\',$,.INTERNAL.,$);
#1027=IFCCARTESIANPOINTLIST2D(((0.,0.),(4312.5,0.),(4312.5,3200.),(0.,3200.)));
#1028=IFCINDEXEDPOLYCURVE(#1027,$,$);
#1029=IFCDIRECTION((0.,0.,1.));
#1030=IFCARBITRARYCLOSEDPROFILEDEF(.AREA.,$,#1028);
#1031=IFCEXTRUDEDAREASOLID(#1030,$,#1029,25.);
#1032=IFCSHAPEREPRESENTATION(#11,'Body','SweptSolid',(#1031));
#1033=IFCPRODUCTDEFINITIONSHAPE($,$,(#1032));
#1039=IFCCARTESIANPOINT((300.,4450.,10.));
#1040=IFCDIRECTION((0.,0.,1.));
#1041=IFCDIRECTION((1.,0.,0.));
#1042=IFCAXIS2PLACEMENT3D(#1039,#1040,#1041);
#1043=IFCLOCALPLACEMENT($,#1042);
#1044=IFCPROPERTYSET('0eZ4qUrW15Qx4OZWqjdy0z',$,'Pset_SpaceCommon',$,(#1046,#1047));
#1045=IFCRELDEFINESBYPROPERTIES('1TnxqHrt9E5wdxd7Ch6U8$',$,$,$,(#1026),#1044);
#1046=IFCPROPERTYSINGLEVALUE('Reference',$,IFCIDENTIFIER('G04'),$);
#1047=IFCPROPERTYSINGLEVALUE('IsExternal',$,IFCBOOLEAN(.F.),$);
#1048=IFCPROPERTYSET('0agOqffFH8nAxm3QRutcHB',$,'Qto_SpaceBaseQuantities',$,(#1050,#1051));
#1049=IFCRELDEFINESBYPROPERTIES('0Mq$GDbwD5MgPatJrf8NNK',$,$,$,(#1026),#1048);
#1050=IFCPROPERTYSINGLEVALUE('NetFloorArea',$,IFCLABEL('13.8'),$);
#1051=IFCPROPERTYSINGLEVALUE('Height',$,IFCLABEL('3.0'),$);
#1052=IFCPROPERTYSET('1vY9Ahq65BFAu_xbgX15Qn',$,'Pset_KIN_RoomData',$,(#1054,#1055));
#1053=IFCRELDEFINESBYPROPERTIES('3QbsV324rB8B_KdGXTyrqk',$,$,$,(#1026),#1052);
#1054=IFCPROPERTYSINGLEVALUE('ProgramArea',$,IFCREAL(13.800000000000001),$);
#1055=IFCPROPERTYSINGLEVALUE('Level',$,IFCLABEL('01 \X2\041F043504400432044B0439\X0\ \X2\044D044204300436\X0\'),$);
#1056=IFCSPACE('0V4mLQZcX9qgoZlq9dCUzU',$,'G05 \X2\041A043004310438043D04350442\X0\ / \X2\0433043E04410442043504320430044F\X0\',$,$,#1073,#1063,'\X2\041A043004310438043D04350442\X0\ / \X2\0433043E04410442043504320430044F\X0\',$,.INTERNAL.,$);
#1057=IFCCARTESIANPOINTLIST2D(((0.,0.),(3937.5,0.),(3937.5,3200.),(0.,3200.)));
#1058=IFCINDEXEDPOLYCURVE(#1057,$,$);
#1059=IFCDIRECTION((0.,0.,1.));
#1060=IFCARBITRARYCLOSEDPROFILEDEF(.AREA.,$,#1058);
#1061=IFCEXTRUDEDAREASOLID(#1060,$,#1059,25.);
#1062=IFCSHAPEREPRESENTATION(#11,'Body','SweptSolid',(#1061));
#1063=IFCPRODUCTDEFINITIONSHAPE($,$,(#1062));
#1069=IFCCARTESIANPOINT((4812.5,4450.,10.));
#1070=IFCDIRECTION((0.,0.,1.));
#1071=IFCDIRECTION((1.,0.,0.));
#1072=IFCAXIS2PLACEMENT3D(#1069,#1070,#1071);
#1073=IFCLOCALPLACEMENT($,#1072);
#1074=IFCPROPERTYSET('2TQHhBs8LDcQbMbxiiBJyL',$,'Pset_SpaceCommon',$,(#1076,#1077));
#1075=IFCRELDEFINESBYPROPERTIES('20rXAsmMX3wwjF6G9lZYpv',$,$,$,(#1056),#1074);
#1076=IFCPROPERTYSINGLEVALUE('Reference',$,IFCIDENTIFIER('G05'),$);
#1077=IFCPROPERTYSINGLEVALUE('IsExternal',$,IFCBOOLEAN(.F.),$);
#1078=IFCPROPERTYSET('1W8j5tWbTDleLKdOjNtDYk',$,'Qto_SpaceBaseQuantities',$,(#1080,#1081));
#1079=IFCRELDEFINESBYPROPERTIES('3GDTF3OgXA1RnrrWfTGAZw',$,$,$,(#1056),#1078);
#1080=IFCPROPERTYSINGLEVALUE('NetFloorArea',$,IFCLABEL('12.6'),$);
#1081=IFCPROPERTYSINGLEVALUE('Height',$,IFCLABEL('3.0'),$);
#1082=IFCPROPERTYSET('1K3K40_r940Q_vcn3a_pKN',$,'Pset_KIN_RoomData',$,(#1084,#1085));
#1083=IFCRELDEFINESBYPROPERTIES('1qgA_giwf3LPQE1K5Y9XR4',$,$,$,(#1056),#1082);
#1084=IFCPROPERTYSINGLEVALUE('ProgramArea',$,IFCREAL(12.6),$);
#1085=IFCPROPERTYSINGLEVALUE('Level',$,IFCLABEL('01 \X2\041F043504400432044B0439\X0\ \X2\044D044204300436\X0\'),$);
#1086=IFCSPACE('151bLIm3T5BvLWB96NMZLL',$,'G06 \X2\041304380431043A0430044F\X0\ \X2\043A043E043C043D043004420430\X0\',$,$,#1103,#1093,'\X2\041304380431043A0430044F\X0\ \X2\043A043E043C043D043004420430\X0\',$,.INTERNAL.,$);
#1087=IFCCARTESIANPOINTLIST2D(((0.,0.),(3250.,0.),(3250.,3200.),(0.,3200.)));
#1088=IFCINDEXEDPOLYCURVE(#1087,$,$);
#1089=IFCDIRECTION((0.,0.,1.));
#1090=IFCARBITRARYCLOSEDPROFILEDEF(.AREA.,$,#1088);
#1091=IFCEXTRUDEDAREASOLID(#1090,$,#1089,25.);
#1092=IFCSHAPEREPRESENTATION(#11,'Body','SweptSolid',(#1091));
#1093=IFCPRODUCTDEFINITIONSHAPE($,$,(#1092));
#1099=IFCCARTESIANPOINT((8950.,4450.,10.));
#1100=IFCDIRECTION((0.,0.,1.));
#1101=IFCDIRECTION((1.,0.,0.));
#1102=IFCAXIS2PLACEMENT3D(#1099,#1100,#1101);
#1103=IFCLOCALPLACEMENT($,#1102);
#1104=IFCPROPERTYSET('2eKwtlMBP0kf8U7uyEitOp',$,'Pset_SpaceCommon',$,(#1106,#1107));
#1105=IFCRELDEFINESBYPROPERTIES('1NvgN7dcHAR9xmyM0oBoni',$,$,$,(#1086),#1104);
#1106=IFCPROPERTYSINGLEVALUE('Reference',$,IFCIDENTIFIER('G06'),$);
#1107=IFCPROPERTYSINGLEVALUE('IsExternal',$,IFCBOOLEAN(.F.),$);
#1108=IFCPROPERTYSET('3YWwB41tn7iP5$9$x8zxSs',$,'Qto_SpaceBaseQuantities',$,(#1110,#1111));
#1109=IFCRELDEFINESBYPROPERTIES('3fi_cUzOvALuxRHIDDoBON',$,$,$,(#1086),#1108);
#1110=IFCPROPERTYSINGLEVALUE('NetFloorArea',$,IFCLABEL('10.4'),$);
#1111=IFCPROPERTYSINGLEVALUE('Height',$,IFCLABEL('3.0'),$);
#1112=IFCPROPERTYSET('3gdZytwnv4zhnFG0ncsKqV',$,'Pset_KIN_RoomData',$,(#1114,#1115));
#1113=IFCRELDEFINESBYPROPERTIES('2e8fpdJhvBUeeYvp_0Ydi2',$,$,$,(#1086),#1112);
#1114=IFCPROPERTYSINGLEVALUE('ProgramArea',$,IFCREAL(10.4),$);
#1115=IFCPROPERTYSINGLEVALUE('Level',$,IFCLABEL('01 \X2\041F043504400432044B0439\X0\ \X2\044D044204300436\X0\'),$);
#1116=IFCSPACE('3aWVY0K9r4if07NbZx4vvA',$,'G07 \X2\0413043E0441044204350432043E0439\X0\ \X2\043404430448\X0\',$,$,#1133,#1123,'\X2\0413043E0441044204350432043E0439\X0\ \X2\043404430448\X0\',$,.INTERNAL.,$);
#1117=IFCCARTESIANPOINTLIST2D(((0.,0.),(1281.25,0.),(1281.25,3200.),(0.,3200.)));
#1118=IFCINDEXEDPOLYCURVE(#1117,$,$);
#1119=IFCDIRECTION((0.,0.,1.));
#1120=IFCARBITRARYCLOSEDPROFILEDEF(.AREA.,$,#1118);
#1121=IFCEXTRUDEDAREASOLID(#1120,$,#1119,25.);
#1122=IFCSHAPEREPRESENTATION(#11,'Body','SweptSolid',(#1121));
#1123=IFCPRODUCTDEFINITIONSHAPE($,$,(#1122));
#1129=IFCCARTESIANPOINT((12400.,4450.,10.));
#1130=IFCDIRECTION((0.,0.,1.));
#1131=IFCDIRECTION((1.,0.,0.));
#1132=IFCAXIS2PLACEMENT3D(#1129,#1130,#1131);
#1133=IFCLOCALPLACEMENT($,#1132);
#1134=IFCPROPERTYSET('2bOPf2jv5ByfxxW4AKvEN7',$,'Pset_SpaceCommon',$,(#1136,#1137));
#1135=IFCRELDEFINESBYPROPERTIES('0Mz2QLdMD55O9n_AXKAuj3',$,$,$,(#1116),#1134);
#1136=IFCPROPERTYSINGLEVALUE('Reference',$,IFCIDENTIFIER('G07'),$);
#1137=IFCPROPERTYSINGLEVALUE('IsExternal',$,IFCBOOLEAN(.F.),$);
#1138=IFCPROPERTYSET('1awQA20uHCz9gGf4dyt5FM',$,'Qto_SpaceBaseQuantities',$,(#1140,#1141));
#1139=IFCRELDEFINESBYPROPERTIES('3lnLCGoHzBtPByGrbDf9lk',$,$,$,(#1116),#1138);
#1140=IFCPROPERTYSINGLEVALUE('NetFloorArea',$,IFCLABEL('4.1'),$);
#1141=IFCPROPERTYSINGLEVALUE('Height',$,IFCLABEL('3.0'),$);
#1142=IFCPROPERTYSET('3lNoaBnMPDX812mOaID4U_',$,'Pset_KIN_RoomData',$,(#1144,#1145));
#1143=IFCRELDEFINESBYPROPERTIES('3x2TPW76v1ewXM0IT6IttF',$,$,$,(#1116),#1142);
#1144=IFCPROPERTYSINGLEVALUE('ProgramArea',$,IFCREAL(4.0999999999999996),$);
#1145=IFCPROPERTYSINGLEVALUE('Level',$,IFCLABEL('01 \X2\041F043504400432044B0439\X0\ \X2\044D044204300436\X0\'),$);
#1146=IFCSPACE('0SUDmiO4L69fpzu3dNOi5l',$,'G08 \X2\041B043504410442043D043804460430\X0\ \X2\0438\X0\ \X2\043A043E044004380434043E0440\X0\',$,$,#1163,#1153,'\X2\041B043504410442043D043804460430\X0\ \X2\0438\X0\ \X2\043A043E044004380434043E0440\X0\',$,.INTERNAL.,$);
#1147=IFCCARTESIANPOINTLIST2D(((0.,0.),(4363.6359999999995,0.),(4363.6359999999995,2200.),(0.,2200.)));
#1148=IFCINDEXEDPOLYCURVE(#1147,$,$);
#1149=IFCDIRECTION((0.,0.,1.));
#1150=IFCARBITRARYCLOSEDPROFILEDEF(.AREA.,$,#1148);
#1151=IFCEXTRUDEDAREASOLID(#1150,$,#1149,25.);
#1152=IFCSHAPEREPRESENTATION(#11,'Body','SweptSolid',(#1151));
#1153=IFCPRODUCTDEFINITIONSHAPE($,$,(#1152));
#1159=IFCCARTESIANPOINT((300.,7800.,10.));
#1160=IFCDIRECTION((0.,0.,1.));
#1161=IFCDIRECTION((1.,0.,0.));
#1162=IFCAXIS2PLACEMENT3D(#1159,#1160,#1161);
#1163=IFCLOCALPLACEMENT($,#1162);
#1164=IFCPROPERTYSET('0TigVgAEHB7OlhJEPAFvNE',$,'Pset_SpaceCommon',$,(#1166,#1167));
#1165=IFCRELDEFINESBYPROPERTIES('3IUEVcDJD8_vEdCEKL4ow8',$,$,$,(#1146),#1164);
#1166=IFCPROPERTYSINGLEVALUE('Reference',$,IFCIDENTIFIER('G08'),$);
#1167=IFCPROPERTYSINGLEVALUE('IsExternal',$,IFCBOOLEAN(.F.),$);
#1168=IFCPROPERTYSET('2z2kbykFz0RQMwR1xL7JAu',$,'Qto_SpaceBaseQuantities',$,(#1170,#1171));
#1169=IFCRELDEFINESBYPROPERTIES('35OKQwuWzCqP8ty6Hy_9JO',$,$,$,(#1146),#1168);
#1170=IFCPROPERTYSINGLEVALUE('NetFloorArea',$,IFCLABEL('9.6'),$);
#1171=IFCPROPERTYSINGLEVALUE('Height',$,IFCLABEL('3.0'),$);
#1172=IFCPROPERTYSET('3hDRtlga9EGeRYGONbw59j',$,'Pset_KIN_RoomData',$,(#1174,#1175));
#1173=IFCRELDEFINESBYPROPERTIES('2oQRQhJWj1XflZV_39sFGo',$,$,$,(#1146),#1172);
#1174=IFCPROPERTYSINGLEVALUE('ProgramArea',$,IFCREAL(9.5999999999999996),$);
#1175=IFCPROPERTYSINGLEVALUE('Level',$,IFCLABEL('01 \X2\041F043504400432044B0439\X0\ \X2\044D044204300436\X0\'),$);
#1176=IFCSPACE('3qe9dEP8f6S8SfuGdqMqsv',$,'G09 \X2\041F043E0441044204380440043E0447043D0430044F\X0\',$,$,#1193,#1183,'\X2\041F043E0441044204380440043E0447043D0430044F\X0\',$,.INTERNAL.,$);
#1177=IFCCARTESIANPOINTLIST2D(((0.,0.),(2909.0909999999999,0.),(2909.0909999999999,2200.),(0.,2200.)));
#1178=IFCINDEXEDPOLYCURVE(#1177,$,$);
#1179=IFCDIRECTION((0.,0.,1.));
#1180=IFCARBITRARYCLOSEDPROFILEDEF(.AREA.,$,#1178);
#1181=IFCEXTRUDEDAREASOLID(#1180,$,#1179,25.);
#1182=IFCSHAPEREPRESENTATION(#11,'Body','SweptSolid',(#1181));
#1183=IFCPRODUCTDEFINITIONSHAPE($,$,(#1182));
#1189=IFCCARTESIANPOINT((4813.6359999999995,7800.,10.));
#1190=IFCDIRECTION((0.,0.,1.));
#1191=IFCDIRECTION((1.,0.,0.));
#1192=IFCAXIS2PLACEMENT3D(#1189,#1190,#1191);
#1193=IFCLOCALPLACEMENT($,#1192);
#1194=IFCPROPERTYSET('3sLgaqjXXCoermqkvscytG',$,'Pset_SpaceCommon',$,(#1196,#1197));
#1195=IFCRELDEFINESBYPROPERTIES('39oOHnr8533w9M6bVpapts',$,$,$,(#1176),#1194);
#1196=IFCPROPERTYSINGLEVALUE('Reference',$,IFCIDENTIFIER('G09'),$);
#1197=IFCPROPERTYSINGLEVALUE('IsExternal',$,IFCBOOLEAN(.F.),$);
#1198=IFCPROPERTYSET('0L7dXfTnr80gFPk0FXRZNp',$,'Qto_SpaceBaseQuantities',$,(#1200,#1201));
#1199=IFCRELDEFINESBYPROPERTIES('3tvRNlpGP3KP7aDdY6Ki8e',$,$,$,(#1176),#1198);
#1200=IFCPROPERTYSINGLEVALUE('NetFloorArea',$,IFCLABEL('6.4'),$);
#1201=IFCPROPERTYSINGLEVALUE('Height',$,IFCLABEL('3.0'),$);
#1202=IFCPROPERTYSET('1Ua5Zbd6P6BwNKiOV0Rd3F',$,'Pset_KIN_RoomData',$,(#1204,#1205));
#1203=IFCRELDEFINESBYPROPERTIES('1mPrMS$wf9IvCuZsKciTAq',$,$,$,(#1176),#1202);
#1204=IFCPROPERTYSINGLEVALUE('ProgramArea',$,IFCREAL(6.4000000000000004),$);
#1205=IFCPROPERTYSINGLEVALUE('Level',$,IFCLABEL('01 \X2\041F043504400432044B0439\X0\ \X2\044D044204300436\X0\'),$);
#1206=IFCSPACE('0gMGTeGwT6A8HaM_fYC3n9',$,'G10 \X2\041304300440043404350440043E0431\X0\ \X2\04320445043E04340430\X0\',$,$,#1223,#1213,'\X2\041304300440043404350440043E0431\X0\ \X2\04320445043E04340430\X0\',$,.INTERNAL.,$);
#1207=IFCCARTESIANPOINTLIST2D(((0.,0.),(1272.7269999999999,0.),(1272.7269999999999,2200.),(0.,2200.)));
#1208=IFCINDEXEDPOLYCURVE(#1207,$,$);
#1209=IFCDIRECTION((0.,0.,1.));
#1210=IFCARBITRARYCLOSEDPROFILEDEF(.AREA.,$,#1208);
#1211=IFCEXTRUDEDAREASOLID(#1210,$,#1209,25.);
#1212=IFCSHAPEREPRESENTATION(#11,'Body','SweptSolid',(#1211));
#1213=IFCPRODUCTDEFINITIONSHAPE($,$,(#1212));
#1219=IFCCARTESIANPOINT((7872.7269999999999,7800.,10.));
#1220=IFCDIRECTION((0.,0.,1.));
#1221=IFCDIRECTION((1.,0.,0.));
#1222=IFCAXIS2PLACEMENT3D(#1219,#1220,#1221);
#1223=IFCLOCALPLACEMENT($,#1222);
#1224=IFCPROPERTYSET('25NN4E$LTE0O_F9YDjkqi9',$,'Pset_SpaceCommon',$,(#1226,#1227));
#1225=IFCRELDEFINESBYPROPERTIES('1GYD_5A$b4pAJ1Uc6iGbu3',$,$,$,(#1206),#1224);
#1226=IFCPROPERTYSINGLEVALUE('Reference',$,IFCIDENTIFIER('G10'),$);
#1227=IFCPROPERTYSINGLEVALUE('IsExternal',$,IFCBOOLEAN(.F.),$);
#1228=IFCPROPERTYSET('0G7MgclA55eOQGLtSpCpqj',$,'Qto_SpaceBaseQuantities',$,(#1230,#1231));
#1229=IFCRELDEFINESBYPROPERTIES('32iN_Xk7f828mnePa3xSla',$,$,$,(#1206),#1228);
#1230=IFCPROPERTYSINGLEVALUE('NetFloorArea',$,IFCLABEL('2.8'),$);
#1231=IFCPROPERTYSINGLEVALUE('Height',$,IFCLABEL('3.0'),$);
#1232=IFCPROPERTYSET('1GzfMv7V1B1hUQXGF2iLh6',$,'Pset_KIN_RoomData',$,(#1234,#1235));
#1233=IFCRELDEFINESBYPROPERTIES('2IyZrVogn9XOIKNBM9p04R',$,$,$,(#1206),#1232);
#1234=IFCPROPERTYSINGLEVALUE('ProgramArea',$,IFCREAL(2.7999999999999998),$);
#1235=IFCPROPERTYSINGLEVALUE('Level',$,IFCLABEL('01 \X2\041F043504400432044B0439\X0\ \X2\044D044204300436\X0\'),$);
#1236=IFCSPACE('2$3a2yTe92wPkhSlaAHu9C',$,'G11 \X2\042204350445043D0438044704350441043A0430044F\X0\',$,$,#1253,#1243,'\X2\042204350445043D0438044704350441043A0430044F\X0\',$,.INTERNAL.,$);
#1237=IFCCARTESIANPOINTLIST2D(((0.,0.),(2363.636,0.),(2363.636,2200.),(0.,2200.)));
#1238=IFCINDEXEDPOLYCURVE(#1237,$,$);
#1239=IFCDIRECTION((0.,0.,1.));
#1240=IFCARBITRARYCLOSEDPROFILEDEF(.AREA.,$,#1238);
#1241=IFCEXTRUDEDAREASOLID(#1240,$,#1239,25.);
#1242=IFCSHAPEREPRESENTATION(#11,'Body','SweptSolid',(#1241));
#1243=IFCPRODUCTDEFINITIONSHAPE($,$,(#1242));
#1249=IFCCARTESIANPOINT((9295.4549999999999,7800.,10.));
#1250=IFCDIRECTION((0.,0.,1.));
#1251=IFCDIRECTION((1.,0.,0.));
#1252=IFCAXIS2PLACEMENT3D(#1249,#1250,#1251);
#1253=IFCLOCALPLACEMENT($,#1252);
#1254=IFCPROPERTYSET('3WAtGYM3bC69AgyeNZZwFv',$,'Pset_SpaceCommon',$,(#1256,#1257));
#1255=IFCRELDEFINESBYPROPERTIES('1d5SlQW91AI8uSMCrAov51',$,$,$,(#1236),#1254);
#1256=IFCPROPERTYSINGLEVALUE('Reference',$,IFCIDENTIFIER('G11'),$);
#1257=IFCPROPERTYSINGLEVALUE('IsExternal',$,IFCBOOLEAN(.F.),$);
#1258=IFCPROPERTYSET('1bvDDxFSHAXRWOtrIVuueZ',$,'Qto_SpaceBaseQuantities',$,(#1260,#1261));
#1259=IFCRELDEFINESBYPROPERTIES('2KrHMdBnbBuh5lLhKSqh4V',$,$,$,(#1236),#1258);
#1260=IFCPROPERTYSINGLEVALUE('NetFloorArea',$,IFCLABEL('5.2'),$);
#1261=IFCPROPERTYSINGLEVALUE('Height',$,IFCLABEL('3.0'),$);
#1262=IFCPROPERTYSET('2rgDR4MDbFRhak7gn_nxiJ',$,'Pset_KIN_RoomData',$,(#1264,#1265));
#1263=IFCRELDEFINESBYPROPERTIES('063WGk3CPBph$lkYoSS6Qy',$,$,$,(#1236),#1262);
#1264=IFCPROPERTYSINGLEVALUE('ProgramArea',$,IFCREAL(5.2000000000000002),$);
#1265=IFCPROPERTYSINGLEVALUE('Level',$,IFCLABEL('01 \X2\041F043504400432044B0439\X0\ \X2\044D044204300436\X0\'),$);
#1266=IFCSPACE('02ZmqZI$nEO92$tG5UZCnI',$,'G12 \X2\042504400430043D0435043D04380435\X0\',$,$,#1283,#1273,'\X2\042504400430043D0435043D04380435\X0\',$,.INTERNAL.,$);
#1267=IFCCARTESIANPOINTLIST2D(((0.,0.),(2681.8179999999998,0.),(2681.8179999999998,2200.),(0.,2200.)));
#1268=IFCINDEXEDPOLYCURVE(#1267,$,$);
#1269=IFCDIRECTION((0.,0.,1.));
#1270=IFCARBITRARYCLOSEDPROFILEDEF(.AREA.,$,#1268);
#1271=IFCEXTRUDEDAREASOLID(#1270,$,#1269,25.);
#1272=IFCSHAPEREPRESENTATION(#11,'Body','SweptSolid',(#1271));
#1273=IFCPRODUCTDEFINITIONSHAPE($,$,(#1272));
#1279=IFCCARTESIANPOINT((11809.091,7800.,10.));
#1280=IFCDIRECTION((0.,0.,1.));
#1281=IFCDIRECTION((1.,0.,0.));
#1282=IFCAXIS2PLACEMENT3D(#1279,#1280,#1281);
#1283=IFCLOCALPLACEMENT($,#1282);
#1284=IFCPROPERTYSET('2_L64Vbg51HP9_3x7NX698',$,'Pset_SpaceCommon',$,(#1286,#1287));
#1285=IFCRELDEFINESBYPROPERTIES('3VD4502_T7PQg0xdLnxkG_',$,$,$,(#1266),#1284);
#1286=IFCPROPERTYSINGLEVALUE('Reference',$,IFCIDENTIFIER('G12'),$);
#1287=IFCPROPERTYSINGLEVALUE('IsExternal',$,IFCBOOLEAN(.F.),$);
#1288=IFCPROPERTYSET('167sWIQM5EDfg1bzRG0X0g',$,'Qto_SpaceBaseQuantities',$,(#1290,#1291));
#1289=IFCRELDEFINESBYPROPERTIES('1TcnGYOIz21une9czJFa2M',$,$,$,(#1266),#1288);
#1290=IFCPROPERTYSINGLEVALUE('NetFloorArea',$,IFCLABEL('5.9'),$);
#1291=IFCPROPERTYSINGLEVALUE('Height',$,IFCLABEL('3.0'),$);
#1292=IFCPROPERTYSET('2chSWYFs53shrMNpPRl18o',$,'Pset_KIN_RoomData',$,(#1294,#1295));
#1293=IFCRELDEFINESBYPROPERTIES('1KMWUQwRL3qAoR9o$fy08O',$,$,$,(#1266),#1292);
#1294=IFCPROPERTYSINGLEVALUE('ProgramArea',$,IFCREAL(5.9000000000000004),$);
#1295=IFCPROPERTYSINGLEVALUE('Level',$,IFCLABEL('01 \X2\041F043504400432044B0439\X0\ \X2\044D044204300436\X0\'),$);
#1296=IFCSPACE('2FWRCCYp13mf05LKcK$f1M',$,'U01 \X2\0413043B04300432043D0430044F\X0\ \X2\0441043F0430043B044C043D044F\X0\',$,$,#1314,#1303,'\X2\0413043B04300432043D0430044F\X0\ \X2\0441043F0430043B044C043D044F\X0\',$,.INTERNAL.,$);
#1297=IFCCARTESIANPOINTLIST2D(((0.,0.),(3822.2219999999998,0.),(3822.2219999999998,4500.),(0.,4500.)));
#1298=IFCINDEXEDPOLYCURVE(#1297,$,$);
#1299=IFCDIRECTION((0.,0.,1.));
#1300=IFCARBITRARYCLOSEDPROFILEDEF(.AREA.,$,#1298);
#1301=IFCEXTRUDEDAREASOLID(#1300,$,#1299,25.);
#1302=IFCSHAPEREPRESENTATION(#11,'Body','SweptSolid',(#1301));
#1303=IFCPRODUCTDEFINITIONSHAPE($,$,(#1302));
#1309=IFCRELAGGREGATES('3U7Uwi1YjCiQDtTXV5PbjB',$,$,$,#15,(#1357,#1477,#1507,#1327,#1447,#1296,#1417,#1387,#1537));
#1310=IFCCARTESIANPOINT((300.,300.,3259.9999999999995));
#1311=IFCDIRECTION((0.,0.,1.));
#1312=IFCDIRECTION((1.,0.,0.));
#1313=IFCAXIS2PLACEMENT3D(#1310,#1311,#1312);
#1314=IFCLOCALPLACEMENT($,#1313);
#1315=IFCPROPERTYSET('0Y35rCDV5Eue4F9ZSW9Ilm',$,'Pset_SpaceCommon',$,(#1317,#1318));
#1316=IFCRELDEFINESBYPROPERTIES('2mng_sWM9EpvIJQou41EOL',$,$,$,(#1296),#1315);
#1317=IFCPROPERTYSINGLEVALUE('Reference',$,IFCIDENTIFIER('U01'),$);
#1318=IFCPROPERTYSINGLEVALUE('IsExternal',$,IFCBOOLEAN(.F.),$);
#1319=IFCPROPERTYSET('3iKbUBM35BiuxKesUSPKYS',$,'Qto_SpaceBaseQuantities',$,(#1321,#1322));
#1320=IFCRELDEFINESBYPROPERTIES('0MpXh0idbA1vzSz7tt8ekK',$,$,$,(#1296),#1319);
#1321=IFCPROPERTYSINGLEVALUE('NetFloorArea',$,IFCLABEL('17.2'),$);
#1322=IFCPROPERTYSINGLEVALUE('Height',$,IFCLABEL('3.0'),$);
#1323=IFCPROPERTYSET('1K_aoeZxT7eg4uIj8IfAVl',$,'Pset_KIN_RoomData',$,(#1325,#1326));
#1324=IFCRELDEFINESBYPROPERTIES('2QsTWpZuP6NRagMjoyqveV',$,$,$,(#1296),#1323);
#1325=IFCPROPERTYSINGLEVALUE('ProgramArea',$,IFCREAL(17.199999999999999),$);
#1326=IFCPROPERTYSINGLEVALUE('Level',$,IFCLABEL('02 \X2\04120442043E0440043E0439\X0\ \X2\044D044204300436\X0\'),$);
#1327=IFCSPACE('1_tJsFBwT1KgmFdZby60b0',$,'U02 \X2\0421043F0430043B044C043D044F\X0\ 2',$,$,#1344,#1334,'\X2\0421043F0430043B044C043D044F\X0\ 2',$,.INTERNAL.,$);
#1328=IFCCARTESIANPOINTLIST2D(((0.,0.),(3022.2220000000002,0.),(3022.2220000000002,4500.),(0.,4500.)));
#1329=IFCINDEXEDPOLYCURVE(#1328,$,$);
#1330=IFCDIRECTION((0.,0.,1.));
#1331=IFCARBITRARYCLOSEDPROFILEDEF(.AREA.,$,#1329);
#1332=IFCEXTRUDEDAREASOLID(#1331,$,#1330,25.);
#1333=IFCSHAPEREPRESENTATION(#11,'Body','SweptSolid',(#1332));
#1334=IFCPRODUCTDEFINITIONSHAPE($,$,(#1333));
#1340=IFCCARTESIANPOINT((4272.2219999999998,300.,3259.9999999999995));
#1341=IFCDIRECTION((0.,0.,1.));
#1342=IFCDIRECTION((1.,0.,0.));
#1343=IFCAXIS2PLACEMENT3D(#1340,#1341,#1342);
#1344=IFCLOCALPLACEMENT($,#1343);
#1345=IFCPROPERTYSET('1o5CGq2M5E5vrHhRprxOB3',$,'Pset_SpaceCommon',$,(#1347,#1348));
#1346=IFCRELDEFINESBYPROPERTIES('0Fp3AAXcjFE9bZkHrGp_YB',$,$,$,(#1327),#1345);
#1347=IFCPROPERTYSINGLEVALUE('Reference',$,IFCIDENTIFIER('U02'),$);
#1348=IFCPROPERTYSINGLEVALUE('IsExternal',$,IFCBOOLEAN(.F.),$);
#1349=IFCPROPERTYSET('1Zt8up0_T1oe1wJK7Hcbok',$,'Qto_SpaceBaseQuantities',$,(#1351,#1352));
#1350=IFCRELDEFINESBYPROPERTIES('3ddQ6k16L1bw2Rl1QXZzSZ',$,$,$,(#1327),#1349);
#1351=IFCPROPERTYSINGLEVALUE('NetFloorArea',$,IFCLABEL('13.6'),$);
#1352=IFCPROPERTYSINGLEVALUE('Height',$,IFCLABEL('3.0'),$);
#1353=IFCPROPERTYSET('3xIxyQhHv8_9cHSo1NG7gk',$,'Pset_KIN_RoomData',$,(#1355,#1356));
#1354=IFCRELDEFINESBYPROPERTIES('0JYXhBr$DB$xkbeJbe9k2x',$,$,$,(#1327),#1353);
#1355=IFCPROPERTYSINGLEVALUE('ProgramArea',$,IFCREAL(13.6),$);
#1356=IFCPROPERTYSINGLEVALUE('Level',$,IFCLABEL('02 \X2\04120442043E0440043E0439\X0\ \X2\044D044204300436\X0\'),$);
#1357=IFCSPACE('3LnbZWLGn2ixJ45UQwp6oh',$,'U03 \X2\0421043F0430043B044C043D044F\X0\ 3',$,$,#1374,#1364,'\X2\0421043F0430043B044C043D044F\X0\ 3',$,.INTERNAL.,$);
#1358=IFCCARTESIANPOINTLIST2D(((0.,0.),(2911.1109999999999,0.),(2911.1109999999999,4500.),(0.,4500.)));
#1359=IFCINDEXEDPOLYCURVE(#1358,$,$);
#1360=IFCDIRECTION((0.,0.,1.));
#1361=IFCARBITRARYCLOSEDPROFILEDEF(.AREA.,$,#1359);
#1362=IFCEXTRUDEDAREASOLID(#1361,$,#1360,25.);
#1363=IFCSHAPEREPRESENTATION(#11,'Body','SweptSolid',(#1362));
#1364=IFCPRODUCTDEFINITIONSHAPE($,$,(#1363));
#1370=IFCCARTESIANPOINT((7444.4439999999995,300.,3259.9999999999995));
#1371=IFCDIRECTION((0.,0.,1.));
#1372=IFCDIRECTION((1.,0.,0.));
#1373=IFCAXIS2PLACEMENT3D(#1370,#1371,#1372);
#1374=IFCLOCALPLACEMENT($,#1373);
#1375=IFCPROPERTYSET('2O4upHfz5FjhEeBnLpK$E4',$,'Pset_SpaceCommon',$,(#1377,#1378));
#1376=IFCRELDEFINESBYPROPERTIES('1JtyrTPbrFYgByEK5zl6rb',$,$,$,(#1357),#1375);
#1377=IFCPROPERTYSINGLEVALUE('Reference',$,IFCIDENTIFIER('U03'),$);
#1378=IFCPROPERTYSINGLEVALUE('IsExternal',$,IFCBOOLEAN(.F.),$);
#1379=IFCPROPERTYSET('068Uy_ClLBLQ4KTD9gcVY0',$,'Qto_SpaceBaseQuantities',$,(#1381,#1382));
#1380=IFCRELDEFINESBYPROPERTIES('3jbw7sumT77x3oRJ5cMV6A',$,$,$,(#1357),#1379);
#1381=IFCPROPERTYSINGLEVALUE('NetFloorArea',$,IFCLABEL('13.1'),$);
#1382=IFCPROPERTYSINGLEVALUE('Height',$,IFCLABEL('3.0'),$);
#1383=IFCPROPERTYSET('28dAK6EATBHQMvLoKsWVdY',$,'Pset_KIN_RoomData',$,(#1385,#1386));
#1384=IFCRELDEFINESBYPROPERTIES('2WedK4UsX0mvnZhbPT$HhK',$,$,$,(#1357),#1383);
#1385=IFCPROPERTYSINGLEVALUE('ProgramArea',$,IFCREAL(13.1),$);
#1386=IFCPROPERTYSINGLEVALUE('Level',$,IFCLABEL('02 \X2\04120442043E0440043E0439\X0\ \X2\044D044204300436\X0\'),$);
#1387=IFCSPACE('3l7P2JiVTF2P_FiyW6xDqi',$,'U04 \X2\041304300440043404350440043E0431\X0\ \X2\0433043B04300432043D043E0439\X0\ \X2\0441043F0430043B044C043D0438\X0\',$,$,#1404,#1394,'\X2\041304300440043404350440043E0431\X0\ \X2\0433043B04300432043D043E0439\X0\ \X2\0441043F0430043B044C043D0438\X0\',$,.INTERNAL.,$);
#1388=IFCCARTESIANPOINTLIST2D(((0.,0.),(2454.5450000000001,0.),(2454.5450000000001,2200.),(0.,2200.)));
#1389=IFCINDEXEDPOLYCURVE(#1388,$,$);
#1390=IFCDIRECTION((0.,0.,1.));
#1391=IFCARBITRARYCLOSEDPROFILEDEF(.AREA.,$,#1389);
#1392=IFCEXTRUDEDAREASOLID(#1391,$,#1390,25.);
#1393=IFCSHAPEREPRESENTATION(#11,'Body','SweptSolid',(#1392));
#1394=IFCPRODUCTDEFINITIONSHAPE($,$,(#1393));
#1400=IFCCARTESIANPOINT((300.,5000.,3259.9999999999995));
#1401=IFCDIRECTION((0.,0.,1.));
#1402=IFCDIRECTION((1.,0.,0.));
#1403=IFCAXIS2PLACEMENT3D(#1400,#1401,#1402);
#1404=IFCLOCALPLACEMENT($,#1403);
#1405=IFCPROPERTYSET('2T2EkRWAH8KQ27WC7b2Rv7',$,'Pset_SpaceCommon',$,(#1407,#1408));
#1406=IFCRELDEFINESBYPROPERTIES('13$5vwyN13C8hMYb4JhfDD',$,$,$,(#1387),#1405);
#1407=IFCPROPERTYSINGLEVALUE('Reference',$,IFCIDENTIFIER('U04'),$);
#1408=IFCPROPERTYSINGLEVALUE('IsExternal',$,IFCBOOLEAN(.F.),$);
#1409=IFCPROPERTYSET('0FX8EnSCnELh0Rn8efFak$',$,'Qto_SpaceBaseQuantities',$,(#1411,#1412));
#1410=IFCRELDEFINESBYPROPERTIES('01QT6N_br7vfMIXnuVVaT_',$,$,$,(#1387),#1409);
#1411=IFCPROPERTYSINGLEVALUE('NetFloorArea',$,IFCLABEL('5.4'),$);
#1412=IFCPROPERTYSINGLEVALUE('Height',$,IFCLABEL('3.0'),$);
#1413=IFCPROPERTYSET('3jWMb_BB58ROP$urKRtX41',$,'Pset_KIN_RoomData',$,(#1415,#1416));
#1414=IFCRELDEFINESBYPROPERTIES('3GrEv0Yt1CSvJ0MoCoOFrT',$,$,$,(#1387),#1413);
#1415=IFCPROPERTYSINGLEVALUE('ProgramArea',$,IFCREAL(5.4000000000000004),$);
#1416=IFCPROPERTYSINGLEVALUE('Level',$,IFCLABEL('02 \X2\04120442043E0440043E0439\X0\ \X2\044D044204300436\X0\'),$);
#1417=IFCSPACE('3JLKHVoMrDv8Em3SQKeqfb',$,'U05 \X2\04120430043D043D0430044F\X0\ \X2\0433043B04300432043D043E0439\X0\ \X2\0441043F0430043B044C043D0438\X0\',$,$,#1434,#1424,'\X2\04120430043D043D0430044F\X0\ \X2\0433043B04300432043D043E0439\X0\ \X2\0441043F0430043B044C043D0438\X0\',$,.INTERNAL.,$);
#1418=IFCCARTESIANPOINTLIST2D(((0.,0.),(2727.2729999999997,0.),(2727.2729999999997,2200.),(0.,2200.)));
#1419=IFCINDEXEDPOLYCURVE(#1418,$,$);
#1420=IFCDIRECTION((0.,0.,1.));
#1421=IFCARBITRARYCLOSEDPROFILEDEF(.AREA.,$,#1419);
#1422=IFCEXTRUDEDAREASOLID(#1421,$,#1420,25.);
#1423=IFCSHAPEREPRESENTATION(#11,'Body','SweptSolid',(#1422));
#1424=IFCPRODUCTDEFINITIONSHAPE($,$,(#1423));
#1430=IFCCARTESIANPOINT((2904.5450000000001,5000.,3259.9999999999995));
#1431=IFCDIRECTION((0.,0.,1.));
#1432=IFCDIRECTION((1.,0.,0.));
#1433=IFCAXIS2PLACEMENT3D(#1430,#1431,#1432);
#1434=IFCLOCALPLACEMENT($,#1433);
#1435=IFCPROPERTYSET('02OwzNusHFwAlbLpkPMkeS',$,'Pset_SpaceCommon',$,(#1437,#1438));
#1436=IFCRELDEFINESBYPROPERTIES('25rq4Q5GX149r99p3lwjlZ',$,$,$,(#1417),#1435);
#1437=IFCPROPERTYSINGLEVALUE('Reference',$,IFCIDENTIFIER('U05'),$);
#1438=IFCPROPERTYSINGLEVALUE('IsExternal',$,IFCBOOLEAN(.F.),$);
#1439=IFCPROPERTYSET('1zAVDbdDH9ihC_WoWkF6_1',$,'Qto_SpaceBaseQuantities',$,(#1441,#1442));
#1440=IFCRELDEFINESBYPROPERTIES('36mCly4OLD4ANXCDVxNnZO',$,$,$,(#1417),#1439);
#1441=IFCPROPERTYSINGLEVALUE('NetFloorArea',$,IFCLABEL('6.0'),$);
#1442=IFCPROPERTYSINGLEVALUE('Height',$,IFCLABEL('3.0'),$);
#1443=IFCPROPERTYSET('2xIwX2Q698$wa512cPAkTD',$,'Pset_KIN_RoomData',$,(#1445,#1446));
#1444=IFCRELDEFINESBYPROPERTIES('3c7NrvaLbAARVqpgt81kWO',$,$,$,(#1417),#1443);
#1445=IFCPROPERTYSINGLEVALUE('ProgramArea',$,IFCREAL(6.),$);
#1446=IFCPROPERTYSINGLEVALUE('Level',$,IFCLABEL('02 \X2\04120442043E0440043E0439\X0\ \X2\044D044204300436\X0\'),$);
#1447=IFCSPACE('1Je6MEmCL7L9VBAv9QoFRq',$,'U06 \X2\041E043104490430044F\X0\ \X2\04320430043D043D0430044F\X0\',$,$,#1464,#1454,'\X2\041E043104490430044F\X0\ \X2\04320430043D043D0430044F\X0\',$,.INTERNAL.,$);
#1448=IFCCARTESIANPOINTLIST2D(((0.,0.),(3045.4549999999999,0.),(3045.4549999999999,2200.),(0.,2200.)));
#1449=IFCINDEXEDPOLYCURVE(#1448,$,$);
#1450=IFCDIRECTION((0.,0.,1.));
#1451=IFCARBITRARYCLOSEDPROFILEDEF(.AREA.,$,#1449);
#1452=IFCEXTRUDEDAREASOLID(#1451,$,#1450,25.);
#1453=IFCSHAPEREPRESENTATION(#11,'Body','SweptSolid',(#1452));
#1454=IFCPRODUCTDEFINITIONSHAPE($,$,(#1453));
#1460=IFCCARTESIANPOINT((10000.,5000.,3259.9999999999995));
#1461=IFCDIRECTION((0.,0.,1.));
#1462=IFCDIRECTION((1.,0.,0.));
#1463=IFCAXIS2PLACEMENT3D(#1460,#1461,#1462);
#1464=IFCLOCALPLACEMENT($,#1463);
#1465=IFCPROPERTYSET('3UoLLey6v2NA6GD2qvPLsz',$,'Pset_SpaceCommon',$,(#1467,#1468));
#1466=IFCRELDEFINESBYPROPERTIES('2KhLmsLp9649v9qx1BM6I6',$,$,$,(#1447),#1465);
#1467=IFCPROPERTYSINGLEVALUE('Reference',$,IFCIDENTIFIER('U06'),$);
#1468=IFCPROPERTYSINGLEVALUE('IsExternal',$,IFCBOOLEAN(.F.),$);
#1469=IFCPROPERTYSET('2DjeCsos57NA2YJ9Pavuhq',$,'Qto_SpaceBaseQuantities',$,(#1471,#1472));
#1470=IFCRELDEFINESBYPROPERTIES('3XPaGGEmr2V8P2ykjs$gmV',$,$,$,(#1447),#1469);
#1471=IFCPROPERTYSINGLEVALUE('NetFloorArea',$,IFCLABEL('6.7'),$);
#1472=IFCPROPERTYSINGLEVALUE('Height',$,IFCLABEL('3.0'),$);
#1473=IFCPROPERTYSET('0y7dEC0Ib4oQV5s3itjH2T',$,'Pset_KIN_RoomData',$,(#1475,#1476));
#1474=IFCRELDEFINESBYPROPERTIES('240Q8TTY94sOp3g0EqhUVk',$,$,$,(#1447),#1473);
#1475=IFCPROPERTYSINGLEVALUE('ProgramArea',$,IFCREAL(6.7000000000000002),$);
#1476=IFCPROPERTYSINGLEVALUE('Level',$,IFCLABEL('02 \X2\04120442043E0440043E0439\X0\ \X2\044D044204300436\X0\'),$);
#1477=IFCSPACE('300x0W3krBzveMzG1GDwP1',$,'U07 \X2\04110435043B044C04350432043E0439\X0\ \X2\0448043A04300444\X0\',$,$,#1494,#1484,'\X2\04110435043B044C04350432043E0439\X0\ \X2\0448043A04300444\X0\',$,.INTERNAL.,$);
#1478=IFCCARTESIANPOINTLIST2D(((0.,0.),(954.54499999999996,0.),(954.54499999999996,2200.),(0.,2200.)));
#1479=IFCINDEXEDPOLYCURVE(#1478,$,$);
#1480=IFCDIRECTION((0.,0.,1.));
#1481=IFCARBITRARYCLOSEDPROFILEDEF(.AREA.,$,#1479);
#1482=IFCEXTRUDEDAREASOLID(#1481,$,#1480,25.);
#1483=IFCSHAPEREPRESENTATION(#11,'Body','SweptSolid',(#1482));
#1484=IFCPRODUCTDEFINITIONSHAPE($,$,(#1483));
#1490=IFCCARTESIANPOINT((13195.455,5000.,3259.9999999999995));
#1491=IFCDIRECTION((0.,0.,1.));
#1492=IFCDIRECTION((1.,0.,0.));
#1493=IFCAXIS2PLACEMENT3D(#1490,#1491,#1492);
#1494=IFCLOCALPLACEMENT($,#1493);
#1495=IFCPROPERTYSET('0aWEZzgEH3PfzpLKhI3eJ8',$,'Pset_SpaceCommon',$,(#1497,#1498));
#1496=IFCRELDEFINESBYPROPERTIES('2c5VGJObP70928weRt68dg',$,$,$,(#1477),#1495);
#1497=IFCPROPERTYSINGLEVALUE('Reference',$,IFCIDENTIFIER('U07'),$);
#1498=IFCPROPERTYSINGLEVALUE('IsExternal',$,IFCBOOLEAN(.F.),$);
#1499=IFCPROPERTYSET('1zrblKJsT4CPr1htjAgF3d',$,'Qto_SpaceBaseQuantities',$,(#1501,#1502));
#1500=IFCRELDEFINESBYPROPERTIES('01CmBGrUfAuOraty_84mci',$,$,$,(#1477),#1499);
#1501=IFCPROPERTYSINGLEVALUE('NetFloorArea',$,IFCLABEL('2.1'),$);
#1502=IFCPROPERTYSINGLEVALUE('Height',$,IFCLABEL('3.0'),$);
#1503=IFCPROPERTYSET('0Ki_luuNDEKfysJ8OT7u9p',$,'Pset_KIN_RoomData',$,(#1505,#1506));
#1504=IFCRELDEFINESBYPROPERTIES('2Y0fG2hyv3SB86uInzhnkS',$,$,$,(#1477),#1503);
#1505=IFCPROPERTYSINGLEVALUE('ProgramArea',$,IFCREAL(2.1000000000000001),$);
#1506=IFCPROPERTYSINGLEVALUE('Level',$,IFCLABEL('02 \X2\04120442043E0440043E0439\X0\ \X2\044D044204300436\X0\'),$);
#1507=IFCSPACE('1qfwA5u3XBcRQWjOurcqxv',$,'U08 \X2\04130430043B043504400435044F\X0\ / \X2\043B043504410442043D043804460430\X0\',$,$,#1524,#1514,'\X2\04130430043B043504400435044F\X0\ / \X2\043B043504410442043D043804460430\X0\',$,.INTERNAL.,$);
#1508=IFCCARTESIANPOINTLIST2D(((0.,0.),(4133.3330000000005,0.),(4133.3330000000005,3000.),(0.,3000.)));
#1509=IFCINDEXEDPOLYCURVE(#1508,$,$);
#1510=IFCDIRECTION((0.,0.,1.));
#1511=IFCARBITRARYCLOSEDPROFILEDEF(.AREA.,$,#1509);
#1512=IFCEXTRUDEDAREASOLID(#1511,$,#1510,25.);
#1513=IFCSHAPEREPRESENTATION(#11,'Body','SweptSolid',(#1512));
#1514=IFCPRODUCTDEFINITIONSHAPE($,$,(#1513));
#1520=IFCCARTESIANPOINT((5500.,7400.,3259.9999999999995));
#1521=IFCDIRECTION((0.,0.,1.));
#1522=IFCDIRECTION((1.,0.,0.));
#1523=IFCAXIS2PLACEMENT3D(#1520,#1521,#1522);
#1524=IFCLOCALPLACEMENT($,#1523);
#1525=IFCPROPERTYSET('0BivvYzJzB5QACPnLcJwP2',$,'Pset_SpaceCommon',$,(#1527,#1528));
#1526=IFCRELDEFINESBYPROPERTIES('1Z20SqwmnF98uHseiBLBzA',$,$,$,(#1507),#1525);
#1527=IFCPROPERTYSINGLEVALUE('Reference',$,IFCIDENTIFIER('U08'),$);
#1528=IFCPROPERTYSINGLEVALUE('IsExternal',$,IFCBOOLEAN(.F.),$);
#1529=IFCPROPERTYSET('0Zi8UG0ZHFa9EriRhnY$Ul',$,'Qto_SpaceBaseQuantities',$,(#1531,#1532));
#1530=IFCRELDEFINESBYPROPERTIES('0MolaSJwD0CRvFvZqcM_X1',$,$,$,(#1507),#1529);
#1531=IFCPROPERTYSINGLEVALUE('NetFloorArea',$,IFCLABEL('12.4'),$);
#1532=IFCPROPERTYSINGLEVALUE('Height',$,IFCLABEL('3.0'),$);
#1533=IFCPROPERTYSET('1C$4eLKEX7x9W7QH4fn5r1',$,'Pset_KIN_RoomData',$,(#1535,#1536));
#1534=IFCRELDEFINESBYPROPERTIES('0FsSFVFPnEsg9PT21hTooG',$,$,$,(#1507),#1533);
#1535=IFCPROPERTYSINGLEVALUE('ProgramArea',$,IFCREAL(12.4),$);
#1536=IFCPROPERTYSINGLEVALUE('Level',$,IFCLABEL('02 \X2\04120442043E0440043E0439\X0\ \X2\044D044204300436\X0\'),$);
#1537=IFCSPACE('0FmFQvJ91ElxX_V46TDqOL',$,'U09 \X2\04210435043C04350439043D0430044F\X0\ \X2\0433043E044104420438043D0430044F\X0\',$,$,#1554,#1544,'\X2\04210435043C04350439043D0430044F\X0\ \X2\0433043E044104420438043D0430044F\X0\',$,.INTERNAL.,$);
#1538=IFCCARTESIANPOINTLIST2D(((0.,0.),(4166.6670000000004,0.),(4166.6670000000004,3000.),(0.,3000.)));
#1539=IFCINDEXEDPOLYCURVE(#1538,$,$);
#1540=IFCDIRECTION((0.,0.,1.));
#1541=IFCARBITRARYCLOSEDPROFILEDEF(.AREA.,$,#1539);
#1542=IFCEXTRUDEDAREASOLID(#1541,$,#1540,25.);
#1543=IFCSHAPEREPRESENTATION(#11,'Body','SweptSolid',(#1542));
#1544=IFCPRODUCTDEFINITIONSHAPE($,$,(#1543));
#1550=IFCCARTESIANPOINT((9983.3330000000005,7400.,3259.9999999999995));
#1551=IFCDIRECTION((0.,0.,1.));
#1552=IFCDIRECTION((1.,0.,0.));
#1553=IFCAXIS2PLACEMENT3D(#1550,#1551,#1552);
#1554=IFCLOCALPLACEMENT($,#1553);
#1555=IFCPROPERTYSET('34W6DbORjEBBeZZE7nmkgE',$,'Pset_SpaceCommon',$,(#1557,#1558));
#1556=IFCRELDEFINESBYPROPERTIES('2O7jwCzxTBvx84ByGXMO8e',$,$,$,(#1537),#1555);
#1557=IFCPROPERTYSINGLEVALUE('Reference',$,IFCIDENTIFIER('U09'),$);
#1558=IFCPROPERTYSINGLEVALUE('IsExternal',$,IFCBOOLEAN(.F.),$);
#1559=IFCPROPERTYSET('1CstvnZb1B5Ac7gdDS4XlI',$,'Qto_SpaceBaseQuantities',$,(#1561,#1562));
#1560=IFCRELDEFINESBYPROPERTIES('2Arewj0gL3ofZspBYJHlv9',$,$,$,(#1537),#1559);
#1561=IFCPROPERTYSINGLEVALUE('NetFloorArea',$,IFCLABEL('12.5'),$);
#1562=IFCPROPERTYSINGLEVALUE('Height',$,IFCLABEL('3.0'),$);
#1563=IFCPROPERTYSET('2Rr6tw8913hQexxF8FTh8B',$,'Pset_KIN_RoomData',$,(#1565,#1566));
#1564=IFCRELDEFINESBYPROPERTIES('1U7_DGbOPDNRurzeOrrOUq',$,$,$,(#1537),#1563);
#1565=IFCPROPERTYSINGLEVALUE('ProgramArea',$,IFCREAL(12.5),$);
#1566=IFCPROPERTYSINGLEVALUE('Level',$,IFCLABEL('02 \X2\04120442043E0440043E0439\X0\ \X2\044D044204300436\X0\'),$);
#1567=IFCWALL('1NsU8OyQz04BHXOXNkb0Tf',$,'Left Concrete Gable \X2\2014\X0\ front gable wall',$,$,#1586,#1576,$,$);
#1568=IFCCARTESIANPOINTLIST3D(((0.,0.,6450.),(5150.,0.,6450.),(2575.,0.,8750.),(0.,280.,6450.),(5150.,280.,6450.),(2575.,280.,8750.)));
#1569=IFCINDEXEDPOLYGONALFACE((1,2,3));
#1570=IFCINDEXEDPOLYGONALFACE((6,5,4));
#1571=IFCINDEXEDPOLYGONALFACE((1,4,5,2));
#1572=IFCINDEXEDPOLYGONALFACE((2,5,6,3));
#1573=IFCINDEXEDPOLYGONALFACE((3,6,4,1));
#1574=IFCPOLYGONALFACESET(#1568,$,(#1569,#1570,#1571,#1572,#1573),$);
#1575=IFCSHAPEREPRESENTATION(#11,'Body','Tessellation',(#1574));
#1576=IFCPRODUCTDEFINITIONSHAPE($,$,(#1575));
#1582=IFCCARTESIANPOINT((0.,0.,0.));
#1583=IFCDIRECTION((0.,0.,1.));
#1584=IFCDIRECTION((1.,0.,0.));
#1585=IFCAXIS2PLACEMENT3D(#1582,#1583,#1584);
#1586=IFCLOCALPLACEMENT($,#1585);
#1587=IFCWALL('0Usm4KpWjEdQne0DYe__TC',$,'Left Concrete Gable \X2\2014\X0\ rear gable wall',$,$,#1606,#1596,$,$);
#1588=IFCCARTESIANPOINTLIST3D(((0.,9920.,6450.),(5150.,9920.,6450.),(2575.,9920.,8750.),(0.,10200.,6450.),(5150.,10200.,6450.),(2575.,10200.,8750.)));
#1589=IFCINDEXEDPOLYGONALFACE((1,2,3));
#1590=IFCINDEXEDPOLYGONALFACE((6,5,4));
#1591=IFCINDEXEDPOLYGONALFACE((1,4,5,2));
#1592=IFCINDEXEDPOLYGONALFACE((2,5,6,3));
#1593=IFCINDEXEDPOLYGONALFACE((3,6,4,1));
#1594=IFCPOLYGONALFACESET(#1588,$,(#1589,#1590,#1591,#1592,#1593),$);
#1595=IFCSHAPEREPRESENTATION(#11,'Body','Tessellation',(#1594));
#1596=IFCPRODUCTDEFINITIONSHAPE($,$,(#1595));
#1602=IFCCARTESIANPOINT((0.,0.,0.));
#1603=IFCDIRECTION((0.,0.,1.));
#1604=IFCDIRECTION((1.,0.,0.));
#1605=IFCAXIS2PLACEMENT3D(#1602,#1603,#1604);
#1606=IFCLOCALPLACEMENT($,#1605);
#1607=IFCPROPERTYSET('3fHSd7I3fD6g7FJPmMPRUV',$,'Pset_WallCommon',$,(#1609,#1610,#1611));
#1608=IFCRELDEFINESBYPROPERTIES('0lE5Ht3wP41hZa$8Co9eUH',$,$,$,(#1567),#1607);
#1609=IFCPROPERTYSINGLEVALUE('IsExternal',$,IFCBOOLEAN(.T.),$);
#1610=IFCPROPERTYSINGLEVALUE('LoadBearing',$,IFCBOOLEAN(.F.),$);
#1611=IFCPROPERTYSINGLEVALUE('Reference',$,IFCIDENTIFIER('Insulated gable wall'),$);
#1612=IFCPROPERTYSET('2XXpQm70TBOwHpRnHpKjiU',$,'Pset_WallCommon',$,(#1614,#1615,#1616));
#1613=IFCRELDEFINESBYPROPERTIES('3AQA5QkSD2uQ$1$Ij2m8At',$,$,$,(#1587),#1612);
#1614=IFCPROPERTYSINGLEVALUE('IsExternal',$,IFCBOOLEAN(.T.),$);
#1615=IFCPROPERTYSINGLEVALUE('LoadBearing',$,IFCBOOLEAN(.F.),$);
#1616=IFCPROPERTYSINGLEVALUE('Reference',$,IFCIDENTIFIER('Insulated gable wall'),$);
#1617=IFCWALL('37wQCyejH2yABkxr2eca7i',$,'Central Charred Timber Gable \X2\2014\X0\ front gable wall',$,$,#1636,#1626,$,$);
#1618=IFCCARTESIANPOINTLIST3D(((5000.,0.,6700.),(10050.,0.,6700.),(7525.,0.,9800.),(5000.,280.,6700.),(10050.,280.,6700.),(7525.,280.,9800.)));
#1619=IFCINDEXEDPOLYGONALFACE((1,2,3));
#1620=IFCINDEXEDPOLYGONALFACE((6,5,4));
#1621=IFCINDEXEDPOLYGONALFACE((1,4,5,2));
#1622=IFCINDEXEDPOLYGONALFACE((2,5,6,3));
#1623=IFCINDEXEDPOLYGONALFACE((3,6,4,1));
#1624=IFCPOLYGONALFACESET(#1618,$,(#1619,#1620,#1621,#1622,#1623),$);
#1625=IFCSHAPEREPRESENTATION(#11,'Body','Tessellation',(#1624));
#1626=IFCPRODUCTDEFINITIONSHAPE($,$,(#1625));
#1632=IFCCARTESIANPOINT((0.,0.,0.));
#1633=IFCDIRECTION((0.,0.,1.));
#1634=IFCDIRECTION((1.,0.,0.));
#1635=IFCAXIS2PLACEMENT3D(#1632,#1633,#1634);
#1636=IFCLOCALPLACEMENT($,#1635);
#1637=IFCWALL('1ABQkdIIj4vAgc_XoXinyV',$,'Central Charred Timber Gable \X2\2014\X0\ rear gable wall',$,$,#1656,#1646,$,$);
#1638=IFCCARTESIANPOINTLIST3D(((5000.,10520.000000000002,6700.),(10050.,10520.000000000002,6700.),(7525.,10520.000000000002,9800.),(5000.,10800.,6700.),(10050.,10800.,6700.),(7525.,10800.,9800.)));
#1639=IFCINDEXEDPOLYGONALFACE((1,2,3));
#1640=IFCINDEXEDPOLYGONALFACE((6,5,4));
#1641=IFCINDEXEDPOLYGONALFACE((1,4,5,2));
#1642=IFCINDEXEDPOLYGONALFACE((2,5,6,3));
#1643=IFCINDEXEDPOLYGONALFACE((3,6,4,1));
#1644=IFCPOLYGONALFACESET(#1638,$,(#1639,#1640,#1641,#1642,#1643),$);
#1645=IFCSHAPEREPRESENTATION(#11,'Body','Tessellation',(#1644));
#1646=IFCPRODUCTDEFINITIONSHAPE($,$,(#1645));
#1652=IFCCARTESIANPOINT((0.,0.,0.));
#1653=IFCDIRECTION((0.,0.,1.));
#1654=IFCDIRECTION((1.,0.,0.));
#1655=IFCAXIS2PLACEMENT3D(#1652,#1653,#1654);
#1656=IFCLOCALPLACEMENT($,#1655);
#1657=IFCPROPERTYSET('2WwWSxAOrEFOEiilJZcXme',$,'Pset_WallCommon',$,(#1659,#1660,#1661));
#1658=IFCRELDEFINESBYPROPERTIES('0vQh$iaAb89QyvAhTVBPSe',$,$,$,(#1617),#1657);
#1659=IFCPROPERTYSINGLEVALUE('IsExternal',$,IFCBOOLEAN(.T.),$);
#1660=IFCPROPERTYSINGLEVALUE('LoadBearing',$,IFCBOOLEAN(.F.),$);
#1661=IFCPROPERTYSINGLEVALUE('Reference',$,IFCIDENTIFIER('Insulated gable wall'),$);
#1662=IFCPROPERTYSET('16rO8TxOLDIRHh4cXTM25i',$,'Pset_WallCommon',$,(#1664,#1665,#1666));
#1663=IFCRELDEFINESBYPROPERTIES('1lgjx$yHrAFfOXT8zoegxi',$,$,$,(#1637),#1662);
#1664=IFCPROPERTYSINGLEVALUE('IsExternal',$,IFCBOOLEAN(.T.),$);
#1665=IFCPROPERTYSINGLEVALUE('LoadBearing',$,IFCBOOLEAN(.F.),$);
#1666=IFCPROPERTYSINGLEVALUE('Reference',$,IFCIDENTIFIER('Insulated gable wall'),$);
#1667=IFCWALL('2V88xLdZPANu8SVpGNIPmT',$,'Right Rear Timber Gable \X2\2014\X0\ front gable wall',$,$,#1686,#1676,$,$);
#1668=IFCCARTESIANPOINTLIST3D(((10000.,4000.,6150.),(14800.,4000.,6150.),(12400.,4000.,8450.),(10000.,4280.,6150.),(14800.,4280.,6150.),(12400.,4280.,8450.)));
#1669=IFCINDEXEDPOLYGONALFACE((1,2,3));
#1670=IFCINDEXEDPOLYGONALFACE((6,5,4));
#1671=IFCINDEXEDPOLYGONALFACE((1,4,5,2));
#1672=IFCINDEXEDPOLYGONALFACE((2,5,6,3));
#1673=IFCINDEXEDPOLYGONALFACE((3,6,4,1));
#1674=IFCPOLYGONALFACESET(#1668,$,(#1669,#1670,#1671,#1672,#1673),$);
#1675=IFCSHAPEREPRESENTATION(#11,'Body','Tessellation',(#1674));
#1676=IFCPRODUCTDEFINITIONSHAPE($,$,(#1675));
#1682=IFCCARTESIANPOINT((0.,0.,0.));
#1683=IFCDIRECTION((0.,0.,1.));
#1684=IFCDIRECTION((1.,0.,0.));
#1685=IFCAXIS2PLACEMENT3D(#1682,#1683,#1684);
#1686=IFCLOCALPLACEMENT($,#1685);
#1687=IFCWALL('2Tz5OSdafCL8IbsPoZoMhk',$,'Right Rear Timber Gable \X2\2014\X0\ rear gable wall',$,$,#1706,#1696,$,$);
#1688=IFCCARTESIANPOINTLIST3D(((10000.,10120.000000000002,6150.),(14800.,10120.000000000002,6150.),(12400.,10120.000000000002,8450.),(10000.,10400.,6150.),(14800.,10400.,6150.),(12400.,10400.,8450.)));
#1689=IFCINDEXEDPOLYGONALFACE((1,2,3));
#1690=IFCINDEXEDPOLYGONALFACE((6,5,4));
#1691=IFCINDEXEDPOLYGONALFACE((1,4,5,2));
#1692=IFCINDEXEDPOLYGONALFACE((2,5,6,3));
#1693=IFCINDEXEDPOLYGONALFACE((3,6,4,1));
#1694=IFCPOLYGONALFACESET(#1688,$,(#1689,#1690,#1691,#1692,#1693),$);
#1695=IFCSHAPEREPRESENTATION(#11,'Body','Tessellation',(#1694));
#1696=IFCPRODUCTDEFINITIONSHAPE($,$,(#1695));
#1702=IFCCARTESIANPOINT((0.,0.,0.));
#1703=IFCDIRECTION((0.,0.,1.));
#1704=IFCDIRECTION((1.,0.,0.));
#1705=IFCAXIS2PLACEMENT3D(#1702,#1703,#1704);
#1706=IFCLOCALPLACEMENT($,#1705);
#1707=IFCPROPERTYSET('3ICNYWBfj0y9vKsR5TxgEW',$,'Pset_WallCommon',$,(#1709,#1710,#1711));
#1708=IFCRELDEFINESBYPROPERTIES('1QquuuFMD7EuJlZgGkJGb1',$,$,$,(#1667),#1707);
#1709=IFCPROPERTYSINGLEVALUE('IsExternal',$,IFCBOOLEAN(.T.),$);
#1710=IFCPROPERTYSINGLEVALUE('LoadBearing',$,IFCBOOLEAN(.F.),$);
#1711=IFCPROPERTYSINGLEVALUE('Reference',$,IFCIDENTIFIER('Insulated gable wall'),$);
#1712=IFCPROPERTYSET('1JXQ4rh2L4zhMkSPGAMfs9',$,'Pset_WallCommon',$,(#1714,#1715,#1716));
#1713=IFCRELDEFINESBYPROPERTIES('12IHosCzj8HRSKoBnsf7Vl',$,$,$,(#1687),#1712);
#1714=IFCPROPERTYSINGLEVALUE('IsExternal',$,IFCBOOLEAN(.T.),$);
#1715=IFCPROPERTYSINGLEVALUE('LoadBearing',$,IFCBOOLEAN(.F.),$);
#1716=IFCPROPERTYSINGLEVALUE('Reference',$,IFCIDENTIFIER('Insulated gable wall'),$);
#1717=IFCROOF('0cc5i2uiHA0BKWuo7LR$N$',$,'Left Concrete Gable standing-seam roof',$,$,#1743,#1733,$,.GABLE_ROOF.);
#1718=IFCCARTESIANPOINTLIST3D(((-250.,-250.,6450.),(2575.,-250.,8750.),(2575.,10450.,8750.),(-250.,10450.,6450.),(-250.,-250.,6270.0000000000009),(2575.,-250.,8570.),(2575.,10450.,8570.),(-250.,10450.,6270.0000000000009),(2575.,-250.,8750.),(5400.,-250.,6450.),(5400.,10450.,6450.),(2575.,10450.,8750.),(2575.,-250.,8570.),(5400.,-250.,6270.0000000000009),(5400.,10450.,6270.0000000000009),(2575.,10450.,8570.)));
#1719=IFCINDEXEDPOLYGONALFACE((1,2,3,4));
#1720=IFCINDEXEDPOLYGONALFACE((8,7,6,5));
#1721=IFCINDEXEDPOLYGONALFACE((1,5,6,2));
#1722=IFCINDEXEDPOLYGONALFACE((2,6,7,3));
#1723=IFCINDEXEDPOLYGONALFACE((3,7,8,4));
#1724=IFCINDEXEDPOLYGONALFACE((4,8,5,1));
#1725=IFCINDEXEDPOLYGONALFACE((9,10,11,12));
#1726=IFCINDEXEDPOLYGONALFACE((16,15,14,13));
#1727=IFCINDEXEDPOLYGONALFACE((9,13,14,10));
#1728=IFCINDEXEDPOLYGONALFACE((10,14,15,11));
#1729=IFCINDEXEDPOLYGONALFACE((11,15,16,12));
#1730=IFCINDEXEDPOLYGONALFACE((12,16,13,9));
#1731=IFCPOLYGONALFACESET(#1718,$,(#1719,#1720,#1721,#1722,#1723,#1724,#1725,#1726,#1727,#1728,#1729,#1730),$);
#1732=IFCSHAPEREPRESENTATION(#11,'Body','Tessellation',(#1731));
#1733=IFCPRODUCTDEFINITIONSHAPE($,$,(#1732));
#1739=IFCCARTESIANPOINT((0.,0.,0.));
#1740=IFCDIRECTION((0.,0.,1.));
#1741=IFCDIRECTION((1.,0.,0.));
#1742=IFCAXIS2PLACEMENT3D(#1739,#1740,#1741);
#1743=IFCLOCALPLACEMENT($,#1742);
#1744=IFCRELASSOCIATESMATERIAL('1V89OOIOT7qOfeAwobMEHK',$,$,$,(#1780,#1749,#1717),#34);
#1745=IFCPROPERTYSET('1dARNb5Lb8YvtgejhHH187',$,'Pset_RoofCommon',$,(#1747,#1748));
#1746=IFCRELDEFINESBYPROPERTIES('1wAzc1jFz0SA6dBzQwU4tR',$,$,$,(#1717),#1745);
#1747=IFCPROPERTYSINGLEVALUE('IsExternal',$,IFCBOOLEAN(.T.),$);
#1748=IFCPROPERTYSINGLEVALUE('Reference',$,IFCIDENTIFIER('Metal standing seam 180mm assembly'),$);
#1749=IFCROOF('0KUAtwzvf38QvaIcNXzZpw',$,'Central Charred Timber Gable standing-seam roof',$,$,#1775,#1765,$,.GABLE_ROOF.);
#1750=IFCCARTESIANPOINTLIST3D(((4750.,-250.,6700.),(7525.,-250.,9800.),(7525.,11050.,9800.),(4750.,11050.,6700.),(4750.,-250.,6520.0000000000009),(7525.,-250.,9620.0000000000018),(7525.,11050.,9620.0000000000018),(4750.,11050.,6520.0000000000009),(7525.,-250.,9800.),(10300.,-250.,6700.),(10300.,11050.,6700.),(7525.,11050.,9800.),(7525.,-250.,9620.0000000000018),(10300.,-250.,6520.0000000000009),(10300.,11050.,6520.0000000000009),(7525.,11050.,9620.0000000000018)));
#1751=IFCINDEXEDPOLYGONALFACE((1,2,3,4));
#1752=IFCINDEXEDPOLYGONALFACE((8,7,6,5));
#1753=IFCINDEXEDPOLYGONALFACE((1,5,6,2));
#1754=IFCINDEXEDPOLYGONALFACE((2,6,7,3));
#1755=IFCINDEXEDPOLYGONALFACE((3,7,8,4));
#1756=IFCINDEXEDPOLYGONALFACE((4,8,5,1));
#1757=IFCINDEXEDPOLYGONALFACE((9,10,11,12));
#1758=IFCINDEXEDPOLYGONALFACE((16,15,14,13));
#1759=IFCINDEXEDPOLYGONALFACE((9,13,14,10));
#1760=IFCINDEXEDPOLYGONALFACE((10,14,15,11));
#1761=IFCINDEXEDPOLYGONALFACE((11,15,16,12));
#1762=IFCINDEXEDPOLYGONALFACE((12,16,13,9));
#1763=IFCPOLYGONALFACESET(#1750,$,(#1751,#1752,#1753,#1754,#1755,#1756,#1757,#1758,#1759,#1760,#1761,#1762),$);
#1764=IFCSHAPEREPRESENTATION(#11,'Body','Tessellation',(#1763));
#1765=IFCPRODUCTDEFINITIONSHAPE($,$,(#1764));
#1771=IFCCARTESIANPOINT((0.,0.,0.));
#1772=IFCDIRECTION((0.,0.,1.));
#1773=IFCDIRECTION((1.,0.,0.));
#1774=IFCAXIS2PLACEMENT3D(#1771,#1772,#1773);
#1775=IFCLOCALPLACEMENT($,#1774);
#1776=IFCPROPERTYSET('0qedpcxEv8vhJw8iTygsjH',$,'Pset_RoofCommon',$,(#1778,#1779));
#1777=IFCRELDEFINESBYPROPERTIES('3bL2PdPWL318sSwOOc0hM1',$,$,$,(#1749),#1776);
#1778=IFCPROPERTYSINGLEVALUE('IsExternal',$,IFCBOOLEAN(.T.),$);
#1779=IFCPROPERTYSINGLEVALUE('Reference',$,IFCIDENTIFIER('Metal standing seam 180mm assembly'),$);
#1780=IFCROOF('2468VQ$xj5EgrseQ$jA8oE',$,'Right Rear Timber Gable standing-seam roof',$,$,#1806,#1796,$,.GABLE_ROOF.);
#1781=IFCCARTESIANPOINTLIST3D(((9750.,3750.,6150.),(12400.,3750.,8450.),(12400.,10650.,8450.),(9750.,10650.,6150.),(9750.,3750.,5970.0000000000009),(12400.,3750.,8270.),(12400.,10650.,8270.),(9750.,10650.,5970.0000000000009),(12400.,3750.,8450.),(15050.,3750.,6150.),(15050.,10650.,6150.),(12400.,10650.,8450.),(12400.,3750.,8270.),(15050.,3750.,5970.0000000000009),(15050.,10650.,5970.0000000000009),(12400.,10650.,8270.)));
#1782=IFCINDEXEDPOLYGONALFACE((1,2,3,4));
#1783=IFCINDEXEDPOLYGONALFACE((8,7,6,5));
#1784=IFCINDEXEDPOLYGONALFACE((1,5,6,2));
#1785=IFCINDEXEDPOLYGONALFACE((2,6,7,3));
#1786=IFCINDEXEDPOLYGONALFACE((3,7,8,4));
#1787=IFCINDEXEDPOLYGONALFACE((4,8,5,1));
#1788=IFCINDEXEDPOLYGONALFACE((9,10,11,12));
#1789=IFCINDEXEDPOLYGONALFACE((16,15,14,13));
#1790=IFCINDEXEDPOLYGONALFACE((9,13,14,10));
#1791=IFCINDEXEDPOLYGONALFACE((10,14,15,11));
#1792=IFCINDEXEDPOLYGONALFACE((11,15,16,12));
#1793=IFCINDEXEDPOLYGONALFACE((12,16,13,9));
#1794=IFCPOLYGONALFACESET(#1781,$,(#1782,#1783,#1784,#1785,#1786,#1787,#1788,#1789,#1790,#1791,#1792,#1793),$);
#1795=IFCSHAPEREPRESENTATION(#11,'Body','Tessellation',(#1794));
#1796=IFCPRODUCTDEFINITIONSHAPE($,$,(#1795));
#1802=IFCCARTESIANPOINT((0.,0.,0.));
#1803=IFCDIRECTION((0.,0.,1.));
#1804=IFCDIRECTION((1.,0.,0.));
#1805=IFCAXIS2PLACEMENT3D(#1802,#1803,#1804);
#1806=IFCLOCALPLACEMENT($,#1805);
#1807=IFCPROPERTYSET('2gLN1osSb8VwQtkuJ3mLKZ',$,'Pset_RoofCommon',$,(#1809,#1810));
#1808=IFCRELDEFINESBYPROPERTIES('3fgJQbBm90aPeN7jNQixoR',$,$,$,(#1780),#1807);
#1809=IFCPROPERTYSINGLEVALUE('IsExternal',$,IFCBOOLEAN(.T.),$);
#1810=IFCPROPERTYSINGLEVALUE('Reference',$,IFCIDENTIFIER('Metal standing seam 180mm assembly'),$);
#1811=IFCOPENINGELEMENT('2rxCoY0AbCmh5rcbzYcBdY',$,'Opening for W01 Living panorama',$,$,#1833,#1822,$,$);
#1812=IFCCARTESIANPOINTLIST2D(((0.,0.),(0.,380.),(3950.,380.),(3950.,0.),(0.,0.)));
#1813=IFCINDEXEDPOLYCURVE(#1812,$,.F.);
#1814=IFCDIRECTION((0.,0.,1.));
#1815=IFCARBITRARYCLOSEDPROFILEDEF(.AREA.,$,#1813);
#1816=IFCCARTESIANPOINT((0.,0.,0.));
#1817=IFCDIRECTION((0.,0.,1.));
#1818=IFCDIRECTION((1.,0.,0.));
#1819=IFCAXIS2PLACEMENT3D(#1816,#1817,#1818);
#1820=IFCEXTRUDEDAREASOLID(#1815,#1819,#1814,2549.9999999999995);
#1821=IFCSHAPEREPRESENTATION(#11,'Body','SweptSolid',(#1820));
#1822=IFCPRODUCTDEFINITIONSHAPE($,$,(#1821));
#1828=IFCRELVOIDSELEMENT('2iuenlmbfEWgPDu$KpRBpf',$,$,$,#143,#1811);
#1829=IFCCARTESIANPOINT((450.,0.,150.));
#1830=IFCDIRECTION((0.,0.,1.));
#1831=IFCDIRECTION((1.,0.,0.));
#1832=IFCAXIS2PLACEMENT3D(#1829,#1830,#1831);
#1833=IFCLOCALPLACEMENT(#164,#1832);
#1834=IFCWINDOW('1NmHDbo6v41hJLFNDLnUKe',$,'W01 Living panorama',$,$,#1855,#1845,$,$,$,$,$,$);
#1835=IFCCARTESIANPOINTLIST2D(((0.,0.),(0.,100.),(3950.,100.),(3950.,0.),(0.,0.)));
#1836=IFCINDEXEDPOLYCURVE(#1835,$,.F.);
#1837=IFCDIRECTION((0.,0.,1.));
#1838=IFCARBITRARYCLOSEDPROFILEDEF(.AREA.,$,#1836);
#1839=IFCCARTESIANPOINT((0.,0.,0.));
#1840=IFCDIRECTION((0.,0.,1.));
#1841=IFCDIRECTION((1.,0.,0.));
#1842=IFCAXIS2PLACEMENT3D(#1839,#1840,#1841);
#1843=IFCEXTRUDEDAREASOLID(#1838,#1842,#1837,2549.9999999999995);
#1844=IFCSHAPEREPRESENTATION(#11,'Body','SweptSolid',(#1843));
#1845=IFCPRODUCTDEFINITIONSHAPE($,$,(#1844));
#1851=IFCCARTESIANPOINT((450.,90.,150.));
#1852=IFCDIRECTION((0.,0.,1.));
#1853=IFCDIRECTION((1.,0.,0.));
#1854=IFCAXIS2PLACEMENT3D(#1851,#1852,#1853);
#1855=IFCLOCALPLACEMENT($,#1854);
#1856=IFCRELFILLSELEMENT('0dJ2xbY35Bvh5sFOiOM9P5',$,$,$,#1811,#1834);
#1857=IFCRELASSOCIATESMATERIAL('0GCETBWHf5jBHf951PvoAu',$,$,$,(#2142,#2244,#2040,#1989,#1886,#2193,#2091,#1834),#35);
#1858=IFCPROPERTYSET('2ormAN8yr1t8Ysfc4bWgZE',$,'Pset_KIN_Opening',$,(#1860,#1861,#1862));
#1859=IFCRELDEFINESBYPROPERTIES('0RS2OItDTCbQO411nChDI2',$,$,$,(#1834),#1858);
#1860=IFCPROPERTYSINGLEVALUE('Width',$,IFCREAL(3.9500000000000002),$);
#1861=IFCPROPERTYSINGLEVALUE('Height',$,IFCREAL(2.5499999999999998),$);
#1862=IFCPROPERTYSINGLEVALUE('TripleGlazed',$,IFCBOOLEAN(.T.),$);
#1863=IFCOPENINGELEMENT('2mTtWVFp52dBxTcUWoxGuQ',$,'Opening for W02 Upper studio',$,$,#1885,#1874,$,$);
#1864=IFCCARTESIANPOINTLIST2D(((0.,0.),(0.,380.),(1649.9999999999998,380.),(1649.9999999999998,0.),(0.,0.)));
#1865=IFCINDEXEDPOLYCURVE(#1864,$,.F.);
#1866=IFCDIRECTION((0.,0.,1.));
#1867=IFCARBITRARYCLOSEDPROFILEDEF(.AREA.,$,#1865);
#1868=IFCCARTESIANPOINT((0.,0.,0.));
#1869=IFCDIRECTION((0.,0.,1.));
#1870=IFCDIRECTION((1.,0.,0.));
#1871=IFCAXIS2PLACEMENT3D(#1868,#1869,#1870);
#1872=IFCEXTRUDEDAREASOLID(#1867,#1871,#1866,2200.);
#1873=IFCSHAPEREPRESENTATION(#11,'Body','SweptSolid',(#1872));
#1874=IFCPRODUCTDEFINITIONSHAPE($,$,(#1873));
#1880=IFCRELVOIDSELEMENT('3Kr8yOa7X1bBbBFdErIkFT',$,$,$,#143,#1863);
#1881=IFCCARTESIANPOINT((2700.,0.,3549.9999999999995));
#1882=IFCDIRECTION((0.,0.,1.));
#1883=IFCDIRECTION((1.,0.,0.));
#1884=IFCAXIS2PLACEMENT3D(#1881,#1882,#1883);
#1885=IFCLOCALPLACEMENT(#164,#1884);
#1886=IFCWINDOW('28iNoNGu53NecRqdeCt$Lp',$,'W02 Upper studio',$,$,#1907,#1897,$,$,$,$,$,$);
#1887=IFCCARTESIANPOINTLIST2D(((0.,0.),(0.,100.),(1649.9999999999998,100.),(1649.9999999999998,0.),(0.,0.)));
#1888=IFCINDEXEDPOLYCURVE(#1887,$,.F.);
#1889=IFCDIRECTION((0.,0.,1.));
#1890=IFCARBITRARYCLOSEDPROFILEDEF(.AREA.,$,#1888);
#1891=IFCCARTESIANPOINT((0.,0.,0.));
#1892=IFCDIRECTION((0.,0.,1.));
#1893=IFCDIRECTION((1.,0.,0.));
#1894=IFCAXIS2PLACEMENT3D(#1891,#1892,#1893);
#1895=IFCEXTRUDEDAREASOLID(#1890,#1894,#1889,2200.);
#1896=IFCSHAPEREPRESENTATION(#11,'Body','SweptSolid',(#1895));
#1897=IFCPRODUCTDEFINITIONSHAPE($,$,(#1896));
#1903=IFCCARTESIANPOINT((2700.,90.,3549.9999999999995));
#1904=IFCDIRECTION((0.,0.,1.));
#1905=IFCDIRECTION((1.,0.,0.));
#1906=IFCAXIS2PLACEMENT3D(#1903,#1904,#1905);
#1907=IFCLOCALPLACEMENT($,#1906);
#1908=IFCRELFILLSELEMENT('2UFS4SVob6_R_JBmEIbt8h',$,$,$,#1863,#1886);
#1909=IFCPROPERTYSET('2yWRiGGDvAVOw6Q7uVexQF',$,'Pset_KIN_Opening',$,(#1911,#1912,#1913));
#1910=IFCRELDEFINESBYPROPERTIES('2cwrLPYnj5U99gudPtuzcq',$,$,$,(#1886),#1909);
#1911=IFCPROPERTYSINGLEVALUE('Width',$,IFCREAL(1.6499999999999999),$);
#1912=IFCPROPERTYSINGLEVALUE('Height',$,IFCREAL(2.2000000000000002),$);
#1913=IFCPROPERTYSINGLEVALUE('TripleGlazed',$,IFCBOOLEAN(.T.),$);
#1914=IFCOPENINGELEMENT('0Mf1Q7yvXFav77SSmRfFAi',$,'Opening for D01 Main entrance',$,$,#1936,#1925,$,$);
#1915=IFCCARTESIANPOINTLIST2D(((0.,0.),(0.,380.),(1050.,380.),(1050.,0.),(0.,0.)));
#1916=IFCINDEXEDPOLYCURVE(#1915,$,.F.);
#1917=IFCDIRECTION((0.,0.,1.));
#1918=IFCARBITRARYCLOSEDPROFILEDEF(.AREA.,$,#1916);
#1919=IFCCARTESIANPOINT((0.,0.,0.));
#1920=IFCDIRECTION((0.,0.,1.));
#1921=IFCDIRECTION((1.,0.,0.));
#1922=IFCAXIS2PLACEMENT3D(#1919,#1920,#1921);
#1923=IFCEXTRUDEDAREASOLID(#1918,#1922,#1917,2450.);
#1924=IFCSHAPEREPRESENTATION(#11,'Body','SweptSolid',(#1923));
#1925=IFCPRODUCTDEFINITIONSHAPE($,$,(#1924));
#1931=IFCRELVOIDSELEMENT('2xVdkcOnb72BczvD$mkRQd',$,$,$,#232,#1914);
#1932=IFCCARTESIANPOINT((549.99999999999977,0.,50.));
#1933=IFCDIRECTION((0.,0.,1.));
#1934=IFCDIRECTION((1.,0.,0.));
#1935=IFCAXIS2PLACEMENT3D(#1932,#1933,#1934);
#1936=IFCLOCALPLACEMENT(#253,#1935);
#1937=IFCDOOR('0RNQ1lgTv00AjgOz2V4wL2',$,'D01 Main entrance',$,$,#1958,#1948,$,$,$,$,$,$);
#1938=IFCCARTESIANPOINTLIST2D(((0.,0.),(0.,100.),(1050.,100.),(1050.,0.),(0.,0.)));
#1939=IFCINDEXEDPOLYCURVE(#1938,$,.F.);
#1940=IFCDIRECTION((0.,0.,1.));
#1941=IFCARBITRARYCLOSEDPROFILEDEF(.AREA.,$,#1939);
#1942=IFCCARTESIANPOINT((0.,0.,0.));
#1943=IFCDIRECTION((0.,0.,1.));
#1944=IFCDIRECTION((1.,0.,0.));
#1945=IFCAXIS2PLACEMENT3D(#1942,#1943,#1944);
#1946=IFCEXTRUDEDAREASOLID(#1941,#1945,#1940,2450.);
#1947=IFCSHAPEREPRESENTATION(#11,'Body','SweptSolid',(#1946));
#1948=IFCPRODUCTDEFINITIONSHAPE($,$,(#1947));
#1954=IFCCARTESIANPOINT((5550.,90.,50.));
#1955=IFCDIRECTION((0.,0.,1.));
#1956=IFCDIRECTION((1.,0.,0.));
#1957=IFCAXIS2PLACEMENT3D(#1954,#1955,#1956);
#1958=IFCLOCALPLACEMENT($,#1957);
#1959=IFCRELFILLSELEMENT('2fdlo34MH4GO6uKtcvn5jb',$,$,$,#1914,#1937);
#1960=IFCRELASSOCIATESMATERIAL('3L3KCpl0H118towX5jzxqM',$,$,$,(#1937),#36);
#1961=IFCPROPERTYSET('0e2tiohX52VOulNsAidkZK',$,'Pset_KIN_Opening',$,(#1963,#1964,#1965));
#1962=IFCRELDEFINESBYPROPERTIES('1t_6As1az5rfrj_JpC7Itq',$,$,$,(#1937),#1961);
#1963=IFCPROPERTYSINGLEVALUE('Width',$,IFCREAL(1.05),$);
#1964=IFCPROPERTYSINGLEVALUE('Height',$,IFCREAL(2.4500000000000002),$);
#1965=IFCPROPERTYSINGLEVALUE('TripleGlazed',$,IFCBOOLEAN(.F.),$);
#1966=IFCOPENINGELEMENT('1Q7ma9kBzDIh9IiC2X3Mop',$,'Opening for W03 Double-height slot',$,$,#1988,#1977,$,$);
#1967=IFCCARTESIANPOINTLIST2D(((0.,0.),(0.,380.),(780.,380.),(780.,0.),(0.,0.)));
#1968=IFCINDEXEDPOLYCURVE(#1967,$,.F.);
#1969=IFCDIRECTION((0.,0.,1.));
#1970=IFCARBITRARYCLOSEDPROFILEDEF(.AREA.,$,#1968);
#1971=IFCCARTESIANPOINT((0.,0.,0.));
#1972=IFCDIRECTION((0.,0.,1.));
#1973=IFCDIRECTION((1.,0.,0.));
#1974=IFCAXIS2PLACEMENT3D(#1971,#1972,#1973);
#1975=IFCEXTRUDEDAREASOLID(#1970,#1974,#1969,5150.);
#1976=IFCSHAPEREPRESENTATION(#11,'Body','SweptSolid',(#1975));
#1977=IFCPRODUCTDEFINITIONSHAPE($,$,(#1976));
#1983=IFCRELVOIDSELEMENT('1UXmVae6v9YAVoMTtYKhmq',$,$,$,#232,#1966);
#1984=IFCCARTESIANPOINT((2179.9999999999995,0.,699.99999999999989));
#1985=IFCDIRECTION((0.,0.,1.));
#1986=IFCDIRECTION((1.,0.,0.));
#1987=IFCAXIS2PLACEMENT3D(#1984,#1985,#1986);
#1988=IFCLOCALPLACEMENT(#253,#1987);
#1989=IFCWINDOW('2GysZKTbn1sA0TnStrUUdL',$,'W03 Double-height slot',$,$,#2010,#2000,$,$,$,$,$,$);
#1990=IFCCARTESIANPOINTLIST2D(((0.,0.),(0.,100.),(780.,100.),(780.,0.),(0.,0.)));
#1991=IFCINDEXEDPOLYCURVE(#1990,$,.F.);
#1992=IFCDIRECTION((0.,0.,1.));
#1993=IFCARBITRARYCLOSEDPROFILEDEF(.AREA.,$,#1991);
#1994=IFCCARTESIANPOINT((0.,0.,0.));
#1995=IFCDIRECTION((0.,0.,1.));
#1996=IFCDIRECTION((1.,0.,0.));
#1997=IFCAXIS2PLACEMENT3D(#1994,#1995,#1996);
#1998=IFCEXTRUDEDAREASOLID(#1993,#1997,#1992,5150.);
#1999=IFCSHAPEREPRESENTATION(#11,'Body','SweptSolid',(#1998));
#2000=IFCPRODUCTDEFINITIONSHAPE($,$,(#1999));
#2006=IFCCARTESIANPOINT((7180.,90.,699.99999999999989));
#2007=IFCDIRECTION((0.,0.,1.));
#2008=IFCDIRECTION((1.,0.,0.));
#2009=IFCAXIS2PLACEMENT3D(#2006,#2007,#2008);
#2010=IFCLOCALPLACEMENT($,#2009);
#2011=IFCRELFILLSELEMENT('094q3ohXX80xbNlL8lDV1Y',$,$,$,#1966,#1989);
#2012=IFCPROPERTYSET('1EbEyOk4j8_uv4I7rz1jt2',$,'Pset_KIN_Opening',$,(#2014,#2015,#2016));
#2013=IFCRELDEFINESBYPROPERTIES('3BFqjhbMvFwgflieyRMr7f',$,$,$,(#1989),#2012);
#2014=IFCPROPERTYSINGLEVALUE('Width',$,IFCREAL(0.78000000000000003),$);
#2015=IFCPROPERTYSINGLEVALUE('Height',$,IFCREAL(5.1500000000000004),$);
#2016=IFCPROPERTYSINGLEVALUE('TripleGlazed',$,IFCBOOLEAN(.T.),$);
#2017=IFCOPENINGELEMENT('3zSfSQ7cH0yxF_dUyvm8Ee',$,'Opening for W04 Flexible room',$,$,#2039,#2028,$,$);
#2018=IFCCARTESIANPOINTLIST2D(((0.,0.),(0.,380.),(1480.,380.),(1480.,0.),(0.,0.)));
#2019=IFCINDEXEDPOLYCURVE(#2018,$,.F.);
#2020=IFCDIRECTION((0.,0.,1.));
#2021=IFCARBITRARYCLOSEDPROFILEDEF(.AREA.,$,#2019);
#2022=IFCCARTESIANPOINT((0.,0.,0.));
#2023=IFCDIRECTION((0.,0.,1.));
#2024=IFCDIRECTION((1.,0.,0.));
#2025=IFCAXIS2PLACEMENT3D(#2022,#2023,#2024);
#2026=IFCEXTRUDEDAREASOLID(#2021,#2025,#2020,2620.);
#2027=IFCSHAPEREPRESENTATION(#11,'Body','SweptSolid',(#2026));
#2028=IFCPRODUCTDEFINITIONSHAPE($,$,(#2027));
#2034=IFCRELVOIDSELEMENT('107OMxYCTEkeLndi$5k3Fa',$,$,$,#409,#2017);
#2035=IFCCARTESIANPOINT((1550.0000000000007,0.,180.));
#2036=IFCDIRECTION((0.,0.,1.));
#2037=IFCDIRECTION((1.,0.,0.));
#2038=IFCAXIS2PLACEMENT3D(#2035,#2036,#2037);
#2039=IFCLOCALPLACEMENT(#430,#2038);
#2040=IFCWINDOW('2sOrR6U_TCZRLDULZzz8DF',$,'W04 Flexible room',$,$,#2061,#2051,$,$,$,$,$,$);
#2041=IFCCARTESIANPOINTLIST2D(((0.,0.),(0.,100.),(1480.,100.),(1480.,0.),(0.,0.)));
#2042=IFCINDEXEDPOLYCURVE(#2041,$,.F.);
#2043=IFCDIRECTION((0.,0.,1.));
#2044=IFCARBITRARYCLOSEDPROFILEDEF(.AREA.,$,#2042);
#2045=IFCCARTESIANPOINT((0.,0.,0.));
#2046=IFCDIRECTION((0.,0.,1.));
#2047=IFCDIRECTION((1.,0.,0.));
#2048=IFCAXIS2PLACEMENT3D(#2045,#2046,#2047);
#2049=IFCEXTRUDEDAREASOLID(#2044,#2048,#2043,2620.);
#2050=IFCSHAPEREPRESENTATION(#11,'Body','SweptSolid',(#2049));
#2051=IFCPRODUCTDEFINITIONSHAPE($,$,(#2050));
#2057=IFCCARTESIANPOINT((11550.,689.99999999999989,180.));
#2058=IFCDIRECTION((0.,0.,1.));
#2059=IFCDIRECTION((1.,0.,0.));
#2060=IFCAXIS2PLACEMENT3D(#2057,#2058,#2059);
#2061=IFCLOCALPLACEMENT($,#2060);
#2062=IFCRELFILLSELEMENT('0r5pd1yU1DZ9$i$oIXqzcG',$,$,$,#2017,#2040);
#2063=IFCPROPERTYSET('3b1EXFmX5Eah9OZBAd87Cq',$,'Pset_KIN_Opening',$,(#2065,#2066,#2067));
#2064=IFCRELDEFINESBYPROPERTIES('1LBbzWlrL8$ufpYcaR6m8V',$,$,$,(#2040),#2063);
#2065=IFCPROPERTYSINGLEVALUE('Width',$,IFCREAL(1.48),$);
#2066=IFCPROPERTYSINGLEVALUE('Height',$,IFCREAL(2.6200000000000001),$);
#2067=IFCPROPERTYSINGLEVALUE('TripleGlazed',$,IFCBOOLEAN(.T.),$);
#2068=IFCOPENINGELEMENT('2FnkrUkOvFPBTNFZsmusQp',$,'Opening for D02 Terrace door',$,$,#2090,#2079,$,$);
#2069=IFCCARTESIANPOINTLIST2D(((0.,0.),(0.,380.),(949.99999999999989,380.),(949.99999999999989,0.),(0.,0.)));
#2070=IFCINDEXEDPOLYCURVE(#2069,$,.F.);
#2071=IFCDIRECTION((0.,0.,1.));
#2072=IFCARBITRARYCLOSEDPROFILEDEF(.AREA.,$,#2070);
#2073=IFCCARTESIANPOINT((0.,0.,0.));
#2074=IFCDIRECTION((0.,0.,1.));
#2075=IFCDIRECTION((1.,0.,0.));
#2076=IFCAXIS2PLACEMENT3D(#2073,#2074,#2075);
#2077=IFCEXTRUDEDAREASOLID(#2072,#2076,#2071,2500.);
#2078=IFCSHAPEREPRESENTATION(#11,'Body','SweptSolid',(#2077));
#2079=IFCPRODUCTDEFINITIONSHAPE($,$,(#2078));
#2085=IFCRELVOIDSELEMENT('3rgeznOC51lumyFIpDnASe',$,$,$,#409,#2068);
#2086=IFCCARTESIANPOINT((3449.9999999999991,0.,80.));
#2087=IFCDIRECTION((0.,0.,1.));
#2088=IFCDIRECTION((1.,0.,0.));
#2089=IFCAXIS2PLACEMENT3D(#2086,#2087,#2088);
#2090=IFCLOCALPLACEMENT(#430,#2089);
#2091=IFCDOOR('0qQ7QDW5X0L8QzxxfT8tOC',$,'D02 Terrace door',$,$,#2112,#2102,$,$,$,$,$,$);
#2092=IFCCARTESIANPOINTLIST2D(((0.,0.),(0.,100.),(949.99999999999989,100.),(949.99999999999989,0.),(0.,0.)));
#2093=IFCINDEXEDPOLYCURVE(#2092,$,.F.);
#2094=IFCDIRECTION((0.,0.,1.));
#2095=IFCARBITRARYCLOSEDPROFILEDEF(.AREA.,$,#2093);
#2096=IFCCARTESIANPOINT((0.,0.,0.));
#2097=IFCDIRECTION((0.,0.,1.));
#2098=IFCDIRECTION((1.,0.,0.));
#2099=IFCAXIS2PLACEMENT3D(#2096,#2097,#2098);
#2100=IFCEXTRUDEDAREASOLID(#2095,#2099,#2094,2500.);
#2101=IFCSHAPEREPRESENTATION(#11,'Body','SweptSolid',(#2100));
#2102=IFCPRODUCTDEFINITIONSHAPE($,$,(#2101));
#2108=IFCCARTESIANPOINT((13449.999999999998,689.99999999999989,80.));
#2109=IFCDIRECTION((0.,0.,1.));
#2110=IFCDIRECTION((1.,0.,0.));
#2111=IFCAXIS2PLACEMENT3D(#2108,#2109,#2110);
#2112=IFCLOCALPLACEMENT($,#2111);
#2113=IFCRELFILLSELEMENT('1CamtR1XvBZADzOEFPd3JE',$,$,$,#2068,#2091);
#2114=IFCPROPERTYSET('3SAP$eSofDWRoO0L3_foVQ',$,'Pset_KIN_Opening',$,(#2116,#2117,#2118));
#2115=IFCRELDEFINESBYPROPERTIES('30E9Qr1Tf51B2Pz6sgZc6m',$,$,$,(#2091),#2114);
#2116=IFCPROPERTYSINGLEVALUE('Width',$,IFCREAL(0.94999999999999996),$);
#2117=IFCPROPERTYSINGLEVALUE('Height',$,IFCREAL(2.5),$);
#2118=IFCPROPERTYSINGLEVALUE('TripleGlazed',$,IFCBOOLEAN(.F.),$);
#2119=IFCOPENINGELEMENT('2iRF5bxK99iu_QcrayFai5',$,'Opening for W05 West living',$,$,#2141,#2130,$,$);
#2120=IFCCARTESIANPOINTLIST2D(((0.,0.),(0.,380.),(2200.,380.),(2200.,0.),(0.,0.)));
#2121=IFCINDEXEDPOLYCURVE(#2120,$,.F.);
#2122=IFCDIRECTION((0.,0.,1.));
#2123=IFCARBITRARYCLOSEDPROFILEDEF(.AREA.,$,#2121);
#2124=IFCCARTESIANPOINT((0.,0.,0.));
#2125=IFCDIRECTION((0.,0.,1.));
#2126=IFCDIRECTION((1.,0.,0.));
#2127=IFCAXIS2PLACEMENT3D(#2124,#2125,#2126);
#2128=IFCEXTRUDEDAREASOLID(#2123,#2127,#2122,1649.9999999999998);
#2129=IFCSHAPEREPRESENTATION(#11,'Body','SweptSolid',(#2128));
#2130=IFCPRODUCTDEFINITIONSHAPE($,$,(#2129));
#2136=IFCRELVOIDSELEMENT('0VAjQUIhH0oBbZ3lJ9IYJG',$,$,$,#188,#2119);
#2137=IFCCARTESIANPOINT((3999.9999999999973,-2.449293598294705E-13,750.));
#2138=IFCDIRECTION((0.,0.,1.));
#2139=IFCDIRECTION((1.,0.,0.));
#2140=IFCAXIS2PLACEMENT3D(#2137,#2138,#2139);
#2141=IFCLOCALPLACEMENT(#209,#2140);
#2142=IFCWINDOW('0PuLQN8ljFTODWJ$AIqWzB',$,'W05 West living',$,$,#2163,#2153,$,$,$,$,$,$);
#2143=IFCCARTESIANPOINTLIST2D(((0.,0.),(0.,100.),(2200.,100.),(2200.,0.),(0.,0.)));
#2144=IFCINDEXEDPOLYCURVE(#2143,$,.F.);
#2145=IFCDIRECTION((0.,0.,1.));
#2146=IFCARBITRARYCLOSEDPROFILEDEF(.AREA.,$,#2144);
#2147=IFCCARTESIANPOINT((0.,0.,0.));
#2148=IFCDIRECTION((0.,0.,1.));
#2149=IFCDIRECTION((1.,0.,0.));
#2150=IFCAXIS2PLACEMENT3D(#2147,#2148,#2149);
#2151=IFCEXTRUDEDAREASOLID(#2146,#2150,#2145,1649.9999999999998);
#2152=IFCSHAPEREPRESENTATION(#11,'Body','SweptSolid',(#2151));
#2153=IFCPRODUCTDEFINITIONSHAPE($,$,(#2152));
#2159=IFCCARTESIANPOINT((0.,6290.,750.));
#2160=IFCDIRECTION((0.,0.,1.));
#2161=IFCDIRECTION((6.123233995736766E-17,-1.,0.));
#2162=IFCAXIS2PLACEMENT3D(#2159,#2160,#2161);
#2163=IFCLOCALPLACEMENT($,#2162);
#2164=IFCRELFILLSELEMENT('2cozjUIrP1EBp7s2OBZhaq',$,$,$,#2119,#2142);
#2165=IFCPROPERTYSET('1YzohfEEb2PB_nVvjcdutt',$,'Pset_KIN_Opening',$,(#2167,#2168,#2169));
#2166=IFCRELDEFINESBYPROPERTIES('0Uq0mn9br7hvxTBJizu$aD',$,$,$,(#2142),#2165);
#2167=IFCPROPERTYSINGLEVALUE('Width',$,IFCREAL(2.2000000000000002),$);
#2168=IFCPROPERTYSINGLEVALUE('Height',$,IFCREAL(1.6499999999999999),$);
#2169=IFCPROPERTYSINGLEVALUE('TripleGlazed',$,IFCBOOLEAN(.T.),$);
#2170=IFCOPENINGELEMENT('0vBqhh17X65PvUtDdPuM0f',$,'Opening for W06 Stair north light',$,$,#2192,#2181,$,$);
#2171=IFCCARTESIANPOINTLIST2D(((0.,0.),(0.,380.),(1100.,380.),(1100.,0.),(0.,0.)));
#2172=IFCINDEXEDPOLYCURVE(#2171,$,.F.);
#2173=IFCDIRECTION((0.,0.,1.));
#2174=IFCARBITRARYCLOSEDPROFILEDEF(.AREA.,$,#2172);
#2175=IFCCARTESIANPOINT((0.,0.,0.));
#2176=IFCDIRECTION((0.,0.,1.));
#2177=IFCDIRECTION((1.,0.,0.));
#2178=IFCAXIS2PLACEMENT3D(#2175,#2176,#2177);
#2179=IFCEXTRUDEDAREASOLID(#2174,#2178,#2173,1800.);
#2180=IFCSHAPEREPRESENTATION(#11,'Body','SweptSolid',(#2179));
#2181=IFCPRODUCTDEFINITIONSHAPE($,$,(#2180));
#2187=IFCRELVOIDSELEMENT('0bG9KtRXDDrB$TTtVdYiKX',$,$,$,#277,#2170);
#2188=IFCCARTESIANPOINT((1500.,0.,3700.));
#2189=IFCDIRECTION((0.,0.,1.));
#2190=IFCDIRECTION((1.,0.,0.));
#2191=IFCAXIS2PLACEMENT3D(#2188,#2189,#2190);
#2192=IFCLOCALPLACEMENT(#298,#2191);
#2193=IFCWINDOW('2tl_ztLInEOP4wMwcX5bvY',$,'W06 Stair north light',$,$,#2214,#2204,$,$,$,$,$,$);
#2194=IFCCARTESIANPOINTLIST2D(((0.,0.),(0.,100.),(1100.,100.),(1100.,0.),(0.,0.)));
#2195=IFCINDEXEDPOLYCURVE(#2194,$,.F.);
#2196=IFCDIRECTION((0.,0.,1.));
#2197=IFCARBITRARYCLOSEDPROFILEDEF(.AREA.,$,#2195);
#2198=IFCCARTESIANPOINT((0.,0.,0.));
#2199=IFCDIRECTION((0.,0.,1.));
#2200=IFCDIRECTION((1.,0.,0.));
#2201=IFCAXIS2PLACEMENT3D(#2198,#2199,#2200);
#2202=IFCEXTRUDEDAREASOLID(#2197,#2201,#2196,1800.);
#2203=IFCSHAPEREPRESENTATION(#11,'Body','SweptSolid',(#2202));
#2204=IFCPRODUCTDEFINITIONSHAPE($,$,(#2203));
#2210=IFCCARTESIANPOINT((5000.,9390.,3700.));
#2211=IFCDIRECTION((0.,0.,1.));
#2212=IFCDIRECTION((6.123233995736766E-17,-1.,0.));
#2213=IFCAXIS2PLACEMENT3D(#2210,#2211,#2212);
#2214=IFCLOCALPLACEMENT($,#2213);
#2215=IFCRELFILLSELEMENT('3poLzMnWz82fdJkT4NWSop',$,$,$,#2170,#2193);
#2216=IFCPROPERTYSET('1CRBrsSLrDrxpeDBEwpkS2',$,'Pset_KIN_Opening',$,(#2218,#2219,#2220));
#2217=IFCRELDEFINESBYPROPERTIES('04QJyAKln2WPgRt74DZcFl',$,$,$,(#2193),#2216);
#2218=IFCPROPERTYSINGLEVALUE('Width',$,IFCREAL(1.1000000000000001),$);
#2219=IFCPROPERTYSINGLEVALUE('Height',$,IFCREAL(1.8),$);
#2220=IFCPROPERTYSINGLEVALUE('TripleGlazed',$,IFCBOOLEAN(.T.),$);
#2221=IFCOPENINGELEMENT('3OgIoxmLzF4x8KeeYnhJrF',$,'Opening for W07 Family lounge',$,$,#2243,#2232,$,$);
#2222=IFCCARTESIANPOINTLIST2D(((0.,0.),(0.,380.),(1550.,380.),(1550.,0.),(0.,0.)));
#2223=IFCINDEXEDPOLYCURVE(#2222,$,.F.);
#2224=IFCDIRECTION((0.,0.,1.));
#2225=IFCARBITRARYCLOSEDPROFILEDEF(.AREA.,$,#2223);
#2226=IFCCARTESIANPOINT((0.,0.,0.));
#2227=IFCDIRECTION((0.,0.,1.));
#2228=IFCDIRECTION((1.,0.,0.));
#2229=IFCAXIS2PLACEMENT3D(#2226,#2227,#2228);
#2230=IFCEXTRUDEDAREASOLID(#2225,#2229,#2224,1950.);
#2231=IFCSHAPEREPRESENTATION(#11,'Body','SweptSolid',(#2230));
#2232=IFCPRODUCTDEFINITIONSHAPE($,$,(#2231));
#2238=IFCRELVOIDSELEMENT('1TOPwnyLH5kfzCw2xR69mx',$,$,$,#321,#2221);
#2239=IFCCARTESIANPOINT((699.99999999999932,0.,3650.));
#2240=IFCDIRECTION((0.,0.,1.));
#2241=IFCDIRECTION((1.,0.,0.));
#2242=IFCAXIS2PLACEMENT3D(#2239,#2240,#2241);
#2243=IFCLOCALPLACEMENT(#342,#2242);
#2244=IFCWINDOW('36cb4$jhP1m8SqlNbRpQVT',$,'W07 Family lounge',$,$,#2265,#2255,$,$,$,$,$,$);
#2245=IFCCARTESIANPOINTLIST2D(((0.,0.),(0.,100.),(1550.,100.),(1550.,0.),(0.,0.)));
#2246=IFCINDEXEDPOLYCURVE(#2245,$,.F.);
#2247=IFCDIRECTION((0.,0.,1.));
#2248=IFCARBITRARYCLOSEDPROFILEDEF(.AREA.,$,#2246);
#2249=IFCCARTESIANPOINT((0.,0.,0.));
#2250=IFCDIRECTION((0.,0.,1.));
#2251=IFCDIRECTION((1.,0.,0.));
#2252=IFCAXIS2PLACEMENT3D(#2249,#2250,#2251);
#2253=IFCEXTRUDEDAREASOLID(#2248,#2252,#2247,1950.);
#2254=IFCSHAPEREPRESENTATION(#11,'Body','SweptSolid',(#2253));
#2255=IFCPRODUCTDEFINITIONSHAPE($,$,(#2254));
#2261=IFCCARTESIANPOINT((10699.999999999998,4090.,3650.));
#2262=IFCDIRECTION((0.,0.,1.));
#2263=IFCDIRECTION((1.,0.,0.));
#2264=IFCAXIS2PLACEMENT3D(#2261,#2262,#2263);
#2265=IFCLOCALPLACEMENT($,#2264);
#2266=IFCRELFILLSELEMENT('3CsQ63j4HC3uTM$1QXCAqX',$,$,$,#2221,#2244);
#2267=IFCPROPERTYSET('3OyuIVV_T8mAiolJ_lzSir',$,'Pset_KIN_Opening',$,(#2269,#2270,#2271));
#2268=IFCRELDEFINESBYPROPERTIES('06k5aVAbLFoxG0XycBUlXz',$,$,$,(#2244),#2267);
#2269=IFCPROPERTYSINGLEVALUE('Width',$,IFCREAL(1.55),$);
#2270=IFCPROPERTYSINGLEVALUE('Height',$,IFCREAL(1.95),$);
#2271=IFCPROPERTYSINGLEVALUE('TripleGlazed',$,IFCBOOLEAN(.T.),$);
#2272=IFCGEOGRAPHICELEMENT('20e32bU0r8jfX4AULWSMkt',$,'Concept terrain \X2\2014\X0\ replace with survey',$,$,#2288,#2277,$,.TERRAIN.);
#2273=IFCCARTESIANPOINTLIST3D(((-18000.,-14000.,-280.),(32000.,-14000.,-200.),(32000.,28000.,-550.),(-18000.,28000.,-350.)));
#2274=IFCINDEXEDPOLYGONALFACE((1,2,3,4));
#2275=IFCPOLYGONALFACESET(#2273,$,(#2274),$);
#2276=IFCSHAPEREPRESENTATION(#11,'Body','Tessellation',(#2275));
#2277=IFCPRODUCTDEFINITIONSHAPE($,$,(#2276));
#2283=IFCRELCONTAINEDINSPATIALSTRUCTURE('3rfbtQVzHFPRGPdRzg3kYT',$,$,$,(#2272),#12);
#2284=IFCCARTESIANPOINT((0.,0.,0.));
#2285=IFCDIRECTION((0.,0.,1.));
#2286=IFCDIRECTION((1.,0.,0.));
#2287=IFCAXIS2PLACEMENT3D(#2284,#2285,#2286);
#2288=IFCLOCALPLACEMENT($,#2287);
#2289=IFCPROPERTYSET('2gRDHrfLj92RdFUwYS67Ao',$,'Pset_KIN_Assumption',$,(#2291,#2292));
#2290=IFCRELDEFINESBYPROPERTIES('3sEA1v0gz0KPaBZgC5wx7x',$,$,$,(#2272),#2289);
#2291=IFCPROPERTYSINGLEVALUE('Source',$,IFCLABEL('Photographic inference only'),$);
#2292=IFCPROPERTYSINGLEVALUE('SurveyRequired',$,IFCBOOLEAN(.T.),$);
ENDSEC;
END-ISO-10303-21;
